Model,config_key,K,lam_lin,lam_nonlin,seed,selected_by_validation,pred_r2,sharpe,phi,drift
ResCAE,"cae:(2, 0.001, 1e-06)",2,0.001,1e-06,10,False,0.011084556579589844,0.4370346760624103,0.8324675255447904,0.6044550538063049
ResCAE,"cae:(2, 0.001, 1e-06)",2,0.001,1e-06,30,False,0.00856471061706543,0.4758957242332776,0.4141733444914526,0.46284201741218567
ResCAE,"cae:(2, 0.001, 1e-06)",2,0.001,1e-06,45,False,0.011302053928375244,0.6118425574807361,0.9154037937294137,0.8507634997367859
ResCAE,"cae:(2, 0.001, 1e-06)",2,0.001,1e-06,99,False,0.007698535919189453,0.5156049329719278,0.9999999021578029,0.9999998211860657
ResCAE,"cae:(2, 0.001, 1e-06)",2,0.001,1e-06,2048,False,0.007571160793304443,0.5420278405277594,0.7325139309946407,0.6219385266304016
ResCAE,"cae:(2, 0.001, 1e-05)",2,0.001,1e-05,10,False,0.0152243971824646,0.49843621812544253,3.9919741462179626e-07,0.5259909629821777
ResCAE,"cae:(2, 0.001, 1e-05)",2,0.001,1e-05,30,False,0.016051530838012695,0.42796805382280795,8.649987669213108e-08,0.8888089656829834
ResCAE,"cae:(2, 0.001, 1e-05)",2,0.001,1e-05,45,False,0.01722174882888794,0.5182265931641583,1.1018533317582675e-06,0.8322374224662781
ResCAE,"cae:(2, 0.001, 1e-05)",2,0.001,1e-05,99,False,0.0167580246925354,0.4161280715390536,2.331840246089445e-07,0.7279783487319946
ResCAE,"cae:(2, 0.001, 1e-05)",2,0.001,1e-05,2048,False,0.015927255153656006,0.43532708049141117,4.1339376810433506e-07,0.6581190824508667
ResCAE,"cae:(2, 0.001, 5e-05)",2,0.001,5e-05,10,False,0.01599675416946411,0.4547961277763317,3.983136004870369e-08,0.7106474041938782
ResCAE,"cae:(2, 0.001, 5e-05)",2,0.001,5e-05,30,False,0.016198039054870605,0.4299359153120725,3.8512660792737003e-07,0.889290452003479
ResCAE,"cae:(2, 0.001, 5e-05)",2,0.001,5e-05,45,False,0.017231345176696777,0.48755576134248185,1.1807643728674481e-07,0.8784876465797424
ResCAE,"cae:(2, 0.001, 5e-05)",2,0.001,5e-05,99,False,0.017348766326904297,0.43421871385207933,3.850178692627567e-08,0.782262921333313
ResCAE,"cae:(2, 0.001, 5e-05)",2,0.001,5e-05,2048,False,0.016774356365203857,0.48141193777455527,5.271707215230871e-07,0.8681340217590332
ResCAE,"cae:(2, 0.001, 0.0001)",2,0.001,0.0001,10,False,0.016009390354156494,0.4693933093670793,7.61458520066513e-07,0.7092396020889282
ResCAE,"cae:(2, 0.001, 0.0001)",2,0.001,0.0001,30,False,0.016328275203704834,0.42731387193048076,5.917212788365628e-07,0.8892291784286499
ResCAE,"cae:(2, 0.001, 0.0001)",2,0.001,0.0001,45,False,0.01729649305343628,0.49008253950276265,2.2189945280491685e-07,0.8797696232795715
ResCAE,"cae:(2, 0.001, 0.0001)",2,0.001,0.0001,99,False,0.01732689142227173,0.42744036640811056,6.096002051215364e-07,0.7823768854141235
ResCAE,"cae:(2, 0.001, 0.0001)",2,0.001,0.0001,2048,False,0.01685488224029541,0.4665704202962302,7.587903346438951e-07,0.9338535666465759
ResCAE,"cae:(2, 0.001, 0.0005)",2,0.001,0.0005,10,False,0.01582390069961548,0.46579667554442755,3.7025802829440613e-07,0.7091898322105408
ResCAE,"cae:(2, 0.001, 0.0005)",2,0.001,0.0005,30,False,0.016854286193847656,0.452535552789405,5.102161527857361e-07,0.8907132744789124
ResCAE,"cae:(2, 0.001, 0.0005)",2,0.001,0.0005,45,False,0.0162966251373291,0.7630759414629784,1.8370294893022456e-07,0.9591851234436035
ResCAE,"cae:(2, 0.001, 0.0005)",2,0.001,0.0005,99,False,0.016506731510162354,0.45795461022639605,5.899832225175903e-09,0.9386774301528931
ResCAE,"cae:(2, 0.001, 0.0005)",2,0.001,0.0005,2048,False,0.01653730869293213,0.45240189202633424,1.3086851519327714e-07,0.9407809972763062
ResCAE,"cae:(2, 0.005, 1e-06)",2,0.005,1e-06,10,False,0.011430025100708008,0.4717944047095404,0.9467704546505414,0.8065186142921448
ResCAE,"cae:(2, 0.005, 1e-06)",2,0.005,1e-06,30,False,0.008212924003601074,0.47816384132165807,0.5426907114669937,0.5274093747138977
ResCAE,"cae:(2, 0.005, 1e-06)",2,0.005,1e-06,45,False,0.006653487682342529,0.5324758702132917,0.9999997881302825,0.9998452067375183
ResCAE,"cae:(2, 0.005, 1e-06)",2,0.005,1e-06,99,False,0.006877899169921875,0.525213651358621,0.9999998886686456,0.9998767971992493
ResCAE,"cae:(2, 0.005, 1e-06)",2,0.005,1e-06,2048,False,0.009193599224090576,0.5459560096939722,0.7316886624320467,0.6196190714836121
ResCAE,"cae:(2, 0.005, 1e-05)",2,0.005,1e-05,10,False,0.017467081546783447,0.5792449574659952,9.471002405028247e-07,0.6362996101379395
ResCAE,"cae:(2, 0.005, 1e-05)",2,0.005,1e-05,30,False,0.01725393533706665,0.4417878669500246,1.2234614592703175e-06,0.8620036244392395
ResCAE,"cae:(2, 0.005, 1e-05)",2,0.005,1e-05,45,False,0.01536029577255249,0.48514357671058383,1.4122281657997872e-07,0.6071237325668335
ResCAE,"cae:(2, 0.005, 1e-05)",2,0.005,1e-05,99,False,0.017358839511871338,0.4930610005040987,1.113160965135887e-06,0.8085589408874512
ResCAE,"cae:(2, 0.005, 1e-05)",2,0.005,1e-05,2048,False,0.016859471797943115,0.4490135323890729,1.1898791040276164e-07,0.6803171038627625
ResCAE,"cae:(2, 0.005, 5e-05)",2,0.005,5e-05,10,False,0.01681220531463623,0.48955057524545287,4.528910489740076e-07,0.8651940226554871
ResCAE,"cae:(2, 0.005, 5e-05)",2,0.005,5e-05,30,False,0.017270803451538086,0.4445640209821281,1.0579237311376402e-06,0.8616999983787537
ResCAE,"cae:(2, 0.005, 5e-05)",2,0.005,5e-05,45,False,0.01714301109313965,0.5209600051790183,6.251247179875179e-08,0.8600569367408752
ResCAE,"cae:(2, 0.005, 5e-05)",2,0.005,5e-05,99,False,0.017556071281433105,0.4660272629411499,8.527275085009009e-07,0.8738529682159424
ResCAE,"cae:(2, 0.005, 5e-05)",2,0.005,5e-05,2048,False,0.0167580246925354,0.4594196387356333,6.333080396721547e-07,0.8613812327384949
ResCAE,"cae:(2, 0.005, 0.0001)",2,0.005,0.0001,10,False,0.01677316427230835,0.4806003102247782,8.879411089950418e-07,0.8654288053512573
ResCAE,"cae:(2, 0.005, 0.0001)",2,0.005,0.0001,30,False,0.017263054847717285,0.457201247723637,4.1878693624865235e-07,0.8618730902671814
ResCAE,"cae:(2, 0.005, 0.0001)",2,0.005,0.0001,45,False,0.017001867294311523,0.5355738789460469,3.3140149578328084e-07,0.8601877689361572
ResCAE,"cae:(2, 0.005, 0.0001)",2,0.005,0.0001,99,False,0.017519712448120117,0.468926484910469,1.9023884511905296e-06,0.8738930821418762
ResCAE,"cae:(2, 0.005, 0.0001)",2,0.005,0.0001,2048,False,0.016749083995819092,0.47896791308970715,4.4701476596090917e-07,0.8610294461250305
ResCAE,"cae:(2, 0.005, 0.0005)",2,0.005,0.0005,10,False,0.01638585329055786,0.49368712740866955,1.5732520585869822e-06,0.8780280947685242
ResCAE,"cae:(2, 0.005, 0.0005)",2,0.005,0.0005,30,False,0.01726353168487549,0.4725269335361169,1.6191145741740912e-07,0.8867950439453125
ResCAE,"cae:(2, 0.005, 0.0005)",2,0.005,0.0005,45,False,0.01767486333847046,0.4825780225602878,5.817241248052697e-07,0.9064953327178955
ResCAE,"cae:(2, 0.005, 0.0005)",2,0.005,0.0005,99,False,0.017042934894561768,0.4684721465619453,1.5132967765827677e-06,0.9056834578514099
ResCAE,"cae:(2, 0.005, 0.0005)",2,0.005,0.0005,2048,False,0.017205476760864258,0.523793535244632,4.655901371245559e-07,0.9155515432357788
ResCAE,"cae:(2, 0.01, 1e-06)",2,0.01,1e-06,10,False,0.01055985689163208,0.6061530778135601,0.9999999365261176,1.0000736713409424
ResCAE,"cae:(2, 0.01, 1e-06)",2,0.01,1e-06,30,False,0.008154034614562988,0.49296705080736347,0.5568611911355518,0.5359100103378296
ResCAE,"cae:(2, 0.01, 1e-06)",2,0.01,1e-06,45,False,0.006631016731262207,0.5349617930366202,0.9999997064115839,0.9999697208404541
ResCAE,"cae:(2, 0.01, 1e-06)",2,0.01,1e-06,99,False,0.006883502006530762,0.5205989228846875,0.999999857500107,0.9999825954437256
ResCAE,"cae:(2, 0.01, 1e-06)",2,0.01,1e-06,2048,False,0.009703755378723145,0.5729082455525261,0.7589840658816557,0.6376917362213135
ResCAE,"cae:(2, 0.01, 1e-05)",2,0.01,1e-05,10,False,0.017551302909851074,0.4984974195443299,1.1277511729410118e-06,0.7053664326667786
ResCAE,"cae:(2, 0.01, 1e-05)",2,0.01,1e-05,30,False,0.017338097095489502,0.44822659855642927,3.1139720748092914e-07,0.8703988790512085
ResCAE,"cae:(2, 0.01, 1e-05)",2,0.01,1e-05,45,False,0.015754103660583496,0.5023655637206516,7.898862138693979e-07,0.6523178219795227
ResCAE,"cae:(2, 0.01, 1e-05)",2,0.01,1e-05,99,False,0.017288506031036377,0.48746013249888964,9.658578272644953e-07,0.8326021432876587
ResCAE,"cae:(2, 0.01, 1e-05)",2,0.01,1e-05,2048,False,0.017077863216400146,0.4782774119260452,2.260805338012817e-07,0.7016879320144653
ResCAE,"cae:(2, 0.01, 5e-05)",2,0.01,5e-05,10,False,0.017127037048339844,0.4920328710707403,1.584915147356368e-06,0.9249455332756042
ResCAE,"cae:(2, 0.01, 5e-05)",2,0.01,5e-05,30,False,0.017331182956695557,0.45521570915874077,9.368405846463233e-07,0.8704105019569397
ResCAE,"cae:(2, 0.01, 5e-05)",2,0.01,5e-05,45,False,0.017300009727478027,0.48432965985412196,6.371138441903404e-07,0.8954347968101501
ResCAE,"cae:(2, 0.01, 5e-05)",2,0.01,5e-05,99,False,0.01757824420928955,0.49324307522435024,9.302084289470957e-07,0.8912221789360046
ResCAE,"cae:(2, 0.01, 5e-05)",2,0.01,5e-05,2048,False,0.017016708850860596,0.45796284812647464,5.315425114718504e-07,0.8787208199501038
ResCAE,"cae:(2, 0.01, 0.0001)",2,0.01,0.0001,10,False,0.017087876796722412,0.4961403309867612,2.2867700643214281e-07,0.9245609641075134
ResCAE,"cae:(2, 0.01, 0.0001)",2,0.01,0.0001,30,False,0.01732957363128662,0.4662455064579723,1.2397281302811393e-06,0.8703076839447021
ResCAE,"cae:(2, 0.01, 0.0001)",2,0.01,0.0001,45,False,0.017301201820373535,0.49511560092415985,1.7896723514119885e-06,0.8953549861907959
ResCAE,"cae:(2, 0.01, 0.0001)",2,0.01,0.0001,99,False,0.01752769947052002,0.4965623819111954,3.0090843335633797e-07,0.891477108001709
ResCAE,"cae:(2, 0.01, 0.0001)",2,0.01,0.0001,2048,False,0.016997575759887695,0.4735410970622434,2.482782783165082e-07,0.8786450028419495
ResCAE,"cae:(2, 0.01, 0.0005)",2,0.01,0.0005,10,False,0.016897916793823242,0.4968118712351217,9.630192498833895e-07,0.9245954155921936
ResCAE,"cae:(2, 0.01, 0.0005)",2,0.01,0.0005,30,False,0.017397820949554443,0.4755962814434972,3.700381136280669e-08,0.8705906271934509
ResCAE,"cae:(2, 0.01, 0.0005)",2,0.01,0.0005,45,False,0.017608225345611572,0.5059528497904474,3.0956000919850615e-07,0.9045934081077576
ResCAE,"cae:(2, 0.01, 0.0005)",2,0.01,0.0005,99,False,0.016919493675231934,0.5147059366790092,4.457382167791818e-07,0.9258140325546265
ResCAE,"cae:(2, 0.01, 0.0005)",2,0.01,0.0005,2048,False,0.017066478729248047,0.48181739554535524,1.6479004847111329e-06,0.8794553875923157
ResCAE,"cae:(2, 0.05, 1e-06)",2,0.05,1e-06,10,False,0.011910557746887207,0.5657192996054219,0.9999998654810499,1.0000320672988892
ResCAE,"cae:(2, 0.05, 1e-06)",2,0.05,1e-06,30,False,0.00816565752029419,0.49595054232938224,0.5714046421858645,0.542214572429657
ResCAE,"cae:(2, 0.05, 1e-06)",2,0.05,1e-06,45,False,0.006459057331085205,0.544276126000286,0.9999997086389817,1.0001137256622314
ResCAE,"cae:(2, 0.05, 1e-06)",2,0.05,1e-06,99,False,0.011844813823699951,0.553846379760219,0.9999999107829757,0.9999397993087769
ResCAE,"cae:(2, 0.05, 1e-06)",2,0.05,1e-06,2048,False,0.00966942310333252,0.6002597076133108,0.7878512266375817,0.6479459404945374
ResCAE,"cae:(2, 0.05, 1e-05)",2,0.05,1e-05,10,False,0.017682969570159912,0.5034256679964619,7.769746468868724e-07,0.7746551632881165
ResCAE,"cae:(2, 0.05, 1e-05)",2,0.05,1e-05,30,False,0.016294121742248535,0.4501237709207157,1.353898722323486e-07,0.8170509934425354
ResCAE,"cae:(2, 0.05, 1e-05)",2,0.05,1e-05,45,False,0.01620471477508545,0.5056699889080059,5.518748552164754e-07,0.6864877939224243
ResCAE,"cae:(2, 0.05, 1e-05)",2,0.05,1e-05,99,False,0.017347633838653564,0.48658356368031447,2.2451290286270677e-07,0.8475823998451233
ResCAE,"cae:(2, 0.05, 1e-05)",2,0.05,1e-05,2048,False,0.017291486263275146,0.4724924636921119,1.0530142717495265e-08,0.7142353653907776
ResCAE,"cae:(2, 0.05, 5e-05)",2,0.05,5e-05,10,False,0.017044901847839355,0.49456554178552387,1.4705023526385017e-06,0.9296309351921082
ResCAE,"cae:(2, 0.05, 5e-05)",2,0.05,5e-05,30,False,0.016212403774261475,0.43668859355344525,3.7389378171789396e-07,0.8170660138130188
ResCAE,"cae:(2, 0.05, 5e-05)",2,0.05,5e-05,45,False,0.017369449138641357,0.46748004170739693,7.394727085233594e-07,0.9285355806350708
ResCAE,"cae:(2, 0.05, 5e-05)",2,0.05,5e-05,99,False,0.017557978630065918,0.5074513368989064,6.868966400375896e-07,0.9066786170005798
ResCAE,"cae:(2, 0.05, 5e-05)",2,0.05,5e-05,2048,False,0.017091870307922363,0.44824019472500215,3.1538701867591297e-07,0.8923468589782715
ResCAE,"cae:(2, 0.05, 0.0001)",2,0.05,0.0001,10,False,0.016976594924926758,0.49629101245256907,1.149170520028525e-06,0.9297367930412292
ResCAE,"cae:(2, 0.05, 0.0001)",2,0.05,0.0001,30,False,0.01614367961883545,0.44400718708307035,1.2050000359741312e-07,0.8170759081840515
ResCAE,"cae:(2, 0.05, 0.0001)",2,0.05,0.0001,45,False,0.01739823818206787,0.47273689332232277,1.342376480409523e-06,0.9285018444061279
ResCAE,"cae:(2, 0.05, 0.0001)",2,0.05,0.0001,99,False,0.017517149448394775,0.5037133630556418,4.729856850687065e-07,0.9065468311309814
ResCAE,"cae:(2, 0.05, 0.0001)",2,0.05,0.0001,2048,False,0.01709306240081787,0.45526199170422155,5.180686083450899e-07,0.8923518657684326
ResCAE,"cae:(2, 0.05, 0.0005)",2,0.05,0.0005,10,False,0.016694605350494385,0.49302890900547636,2.7927715046871514e-06,0.9296512603759766
ResCAE,"cae:(2, 0.05, 0.0005)",2,0.05,0.0005,30,False,0.01743680238723755,0.5156664597888917,5.925607876243394e-07,0.878375232219696
ResCAE,"cae:(2, 0.05, 0.0005)",2,0.05,0.0005,45,False,0.017670273780822754,0.49342590680761517,2.1025414214954973e-06,0.9373236894607544
ResCAE,"cae:(2, 0.05, 0.0005)",2,0.05,0.0005,99,False,0.016873061656951904,0.4949101761510968,5.46603825779016e-06,0.9352221488952637
ResCAE,"cae:(2, 0.05, 0.0005)",2,0.05,0.0005,2048,False,0.017214477062225342,0.5150018821006626,3.300523461426896e-08,0.8922029733657837
ResCAE,"cae:(2, 0.1, 1e-06)",2,0.1,1e-06,10,False,0.011013507843017578,0.6186297948382814,0.9999998412123586,1.0001275539398193
ResCAE,"cae:(2, 0.1, 1e-06)",2,0.1,1e-06,30,False,0.008169829845428467,0.5075645808447254,0.5715901826146684,0.5431068539619446
ResCAE,"cae:(2, 0.1, 1e-06)",2,0.1,1e-06,45,False,0.006454348564147949,0.5414868695806911,0.999999637916554,0.9999233484268188
ResCAE,"cae:(2, 0.1, 1e-06)",2,0.1,1e-06,99,False,0.0118790864944458,0.5559871341842104,0.9999999075572108,1.0000678300857544
ResCAE,"cae:(2, 0.1, 1e-06)",2,0.1,1e-06,2048,False,0.00985783338546753,0.5985815355148875,0.7897649988195702,0.6491612792015076
ResCAE,"cae:(2, 0.1, 1e-05)",2,0.1,1e-05,10,False,0.01772207021713257,0.5079986378981165,6.544976854546088e-08,0.7780117988586426
ResCAE,"cae:(2, 0.1, 1e-05)",2,0.1,1e-05,30,False,0.01629781723022461,0.4529448314766586,3.727309860895844e-07,0.8180562257766724
ResCAE,"cae:(2, 0.1, 1e-05)",2,0.1,1e-05,45,False,0.016254782676696777,0.5219080589800652,3.639377086971413e-08,0.6905526518821716
ResCAE,"cae:(2, 0.1, 1e-05)",2,0.1,1e-05,99,False,0.017342448234558105,0.4892445738392288,1.412903731729291e-06,0.8492563962936401
ResCAE,"cae:(2, 0.1, 1e-05)",2,0.1,1e-05,2048,False,0.017311275005340576,0.472233838507976,3.005011291232993e-07,0.7158486247062683
ResCAE,"cae:(2, 0.1, 5e-05)",2,0.1,5e-05,10,False,0.017042338848114014,0.47359209011006587,2.149926419327875e-06,0.9333046674728394
ResCAE,"cae:(2, 0.1, 5e-05)",2,0.1,5e-05,30,False,0.0162389874458313,0.45126346488022767,1.7921029422643577e-07,0.8180350065231323
ResCAE,"cae:(2, 0.1, 5e-05)",2,0.1,5e-05,45,False,0.017349064350128174,0.4718195994106084,3.3453621434340554e-06,0.9324684143066406
ResCAE,"cae:(2, 0.1, 5e-05)",2,0.1,5e-05,99,False,0.017549514770507812,0.505506606991705,5.384082781658661e-07,0.9087337851524353
ResCAE,"cae:(2, 0.1, 5e-05)",2,0.1,5e-05,2048,False,0.01710885763168335,0.441404889116683,8.635871352383872e-07,0.893876314163208
ResCAE,"cae:(2, 0.1, 0.0001)",2,0.1,0.0001,10,False,0.01697516441345215,0.4830767394076787,3.5873817281824143e-07,0.9331434965133667
ResCAE,"cae:(2, 0.1, 0.0001)",2,0.1,0.0001,30,False,0.016174018383026123,0.4414708626842086,2.259006247937983e-07,0.8180464506149292
ResCAE,"cae:(2, 0.1, 0.0001)",2,0.1,0.0001,45,False,0.017384052276611328,0.465836033784123,2.9286880305924686e-06,0.9323369264602661
ResCAE,"cae:(2, 0.1, 0.0001)",2,0.1,0.0001,99,False,0.017512917518615723,0.5101224268937128,2.6063447907027256e-06,0.9086281061172485
ResCAE,"cae:(2, 0.1, 0.0001)",2,0.1,0.0001,2048,False,0.017111778259277344,0.4487621540218261,9.092253633667794e-07,0.8937475681304932
ResCAE,"cae:(2, 0.1, 0.0005)",2,0.1,0.0005,10,True,0.016677141189575195,0.5019285235244519,2.623879149372142e-07,0.9331411123275757
ResCAE,"cae:(2, 0.1, 0.0005)",2,0.1,0.0005,30,True,0.017438292503356934,0.5062136201661521,1.5577014149010378e-07,0.8792929649353027
ResCAE,"cae:(2, 0.1, 0.0005)",2,0.1,0.0005,45,True,0.0176241397857666,0.47882557925956176,2.040788666112248e-06,0.9409318566322327
ResCAE,"cae:(2, 0.1, 0.0005)",2,0.1,0.0005,99,True,0.016817092895507812,0.4838592328858266,2.5520150374258934e-06,0.9359303116798401
ResCAE,"cae:(2, 0.1, 0.0005)",2,0.1,0.0005,2048,True,0.017216861248016357,0.5124839431206215,8.061160834206787e-07,0.8939350247383118
ResCAE,"cae:(3, 0.001, 1e-06)",3,0.001,1e-06,10,False,0.011578202247619629,0.5419299806814531,0.9999993910349997,1.0000965595245361
ResCAE,"cae:(3, 0.001, 1e-06)",3,0.001,1e-06,30,False,0.011920750141143799,0.5384404498189009,0.6798575371808889,0.634783148765564
ResCAE,"cae:(3, 0.001, 1e-06)",3,0.001,1e-06,45,False,0.015483200550079346,0.5812376757097076,0.4159323473370314,0.6057774424552917
ResCAE,"cae:(3, 0.001, 1e-06)",3,0.001,1e-06,99,False,0.007127106189727783,0.6841280767855824,0.8609554160194551,0.8244852423667908
ResCAE,"cae:(3, 0.001, 1e-06)",3,0.001,1e-06,2048,False,0.015973210334777832,0.7755493483220737,1.1502119779088755e-07,0.4286164343357086
ResCAE,"cae:(3, 0.001, 1e-05)",3,0.001,1e-05,10,False,0.014504432678222656,0.5094070695696861,4.0591576730206997e-07,0.5648128986358643
ResCAE,"cae:(3, 0.001, 1e-05)",3,0.001,1e-05,30,False,0.01722896099090576,0.47631005341972343,2.2929113559929693e-08,0.9726652503013611
ResCAE,"cae:(3, 0.001, 1e-05)",3,0.001,1e-05,45,False,0.016841888427734375,0.5448277207381594,9.392018886635214e-08,0.820366382598877
ResCAE,"cae:(3, 0.001, 1e-05)",3,0.001,1e-05,99,False,0.017120838165283203,0.8097958444176807,4.9317927348258396e-08,0.3326582908630371
ResCAE,"cae:(3, 0.001, 1e-05)",3,0.001,1e-05,2048,False,0.015967905521392822,0.531965302872648,2.938030244198959e-07,0.8315450549125671
ResCAE,"cae:(3, 0.001, 5e-05)",3,0.001,5e-05,10,False,0.017500340938568115,0.5244318084368615,7.912547621394081e-07,0.9686200618743896
ResCAE,"cae:(3, 0.001, 5e-05)",3,0.001,5e-05,30,False,0.01717698574066162,0.47465429063591186,3.5886261728761596e-07,0.9730483889579773
ResCAE,"cae:(3, 0.001, 5e-05)",3,0.001,5e-05,45,False,0.016991853713989258,0.5330854853934489,5.2134984339312946e-08,0.8109620213508606
ResCAE,"cae:(3, 0.001, 5e-05)",3,0.001,5e-05,99,False,0.017034292221069336,0.4722098073954333,2.5679173328525074e-08,0.5268734693527222
ResCAE,"cae:(3, 0.001, 5e-05)",3,0.001,5e-05,2048,False,0.015991568565368652,0.5508210590022122,1.388818290465881e-07,0.8317347764968872
ResCAE,"cae:(3, 0.001, 0.0001)",3,0.001,0.0001,10,False,0.01713430881500244,0.527031739567655,3.587485981324283e-07,0.9684430360794067
ResCAE,"cae:(3, 0.001, 0.0001)",3,0.001,0.0001,30,False,0.017138242721557617,0.46424281805645184,3.0670088603582843e-07,0.9732748866081238
ResCAE,"cae:(3, 0.001, 0.0001)",3,0.001,0.0001,45,False,0.01710343360900879,0.5461411105724359,1.0560461098374462e-07,0.8109772801399231
ResCAE,"cae:(3, 0.001, 0.0001)",3,0.001,0.0001,99,False,0.01701134443283081,0.4621672597602304,3.385227954864971e-08,0.5266612768173218
ResCAE,"cae:(3, 0.001, 0.0001)",3,0.001,0.0001,2048,False,0.016060352325439453,0.5446978799555825,2.6285266075301977e-07,0.8319530487060547
ResCAE,"cae:(3, 0.001, 0.0005)",3,0.001,0.0005,10,False,0.017018437385559082,0.5498510106722556,3.321840464761393e-07,0.9681292772293091
ResCAE,"cae:(3, 0.001, 0.0005)",3,0.001,0.0005,30,False,0.017279446125030518,0.5078952671119557,4.7645239710863654e-08,0.9000167846679688
ResCAE,"cae:(3, 0.001, 0.0005)",3,0.001,0.0005,45,False,0.017567157745361328,0.49312306222220204,9.728895698914016e-08,0.8879096508026123
ResCAE,"cae:(3, 0.001, 0.0005)",3,0.001,0.0005,99,False,0.01736283302307129,0.5753496152870122,1.55292872486401e-08,0.9467574954032898
ResCAE,"cae:(3, 0.001, 0.0005)",3,0.001,0.0005,2048,False,0.016244590282440186,0.4471773004927202,8.212379614394999e-07,0.9775797724723816
ResCAE,"cae:(3, 0.005, 1e-06)",3,0.005,1e-06,10,False,0.012434124946594238,0.564298283559815,0.9999997277288477,0.9999192357063293
ResCAE,"cae:(3, 0.005, 1e-06)",3,0.005,1e-06,30,False,0.011289894580841064,0.5394627646743133,0.8730491736488224,0.7463043928146362
ResCAE,"cae:(3, 0.005, 1e-06)",3,0.005,1e-06,45,False,0.015107810497283936,0.6642134583441999,0.9166532453293449,0.9175313115119934
ResCAE,"cae:(3, 0.005, 1e-06)",3,0.005,1e-06,99,False,0.005150914192199707,0.6532227825975502,0.9999989136791557,1.0005515813827515
ResCAE,"cae:(3, 0.005, 1e-06)",3,0.005,1e-06,2048,False,0.015943527221679688,0.803875589034364,3.285337431300837e-07,0.4386689066886902
ResCAE,"cae:(3, 0.005, 1e-05)",3,0.005,1e-05,10,False,0.01748943328857422,0.6669622676328719,6.275233469214934e-07,0.6364570260047913
ResCAE,"cae:(3, 0.005, 1e-05)",3,0.005,1e-05,30,False,0.01626676321029663,0.5462994089286454,3.873589827026907e-07,0.930025577545166
ResCAE,"cae:(3, 0.005, 1e-05)",3,0.005,1e-05,45,False,0.015980780124664307,0.7774887383508646,1.7470931385896746e-07,0.5955226421356201
ResCAE,"cae:(3, 0.005, 1e-05)",3,0.005,1e-05,99,False,0.017602741718292236,0.7979324456846378,5.610228241598733e-08,0.48309728503227234
ResCAE,"cae:(3, 0.005, 1e-05)",3,0.005,1e-05,2048,False,0.016310393810272217,0.7875452387951456,1.4366997828899167e-07,0.6945862770080566
ResCAE,"cae:(3, 0.005, 5e-05)",3,0.005,5e-05,10,False,0.0162045955657959,0.6175027784092891,1.0245046255175444e-06,0.9227418899536133
ResCAE,"cae:(3, 0.005, 5e-05)",3,0.005,5e-05,30,False,0.01625227928161621,0.5357383473752214,2.092200731434982e-06,0.9300892353057861
ResCAE,"cae:(3, 0.005, 5e-05)",3,0.005,5e-05,45,False,0.01691371202468872,0.5873275444853177,1.2573115154891588e-07,0.823868989944458
ResCAE,"cae:(3, 0.005, 5e-05)",3,0.005,5e-05,99,False,0.01648634672164917,0.7212553381147141,1.7010767954295636e-06,0.9452533721923828
ResCAE,"cae:(3, 0.005, 5e-05)",3,0.005,5e-05,2048,False,0.016299307346343994,0.7944920266808044,1.360002786559682e-07,0.6946289539337158
ResCAE,"cae:(3, 0.005, 0.0001)",3,0.005,0.0001,10,False,0.01600039005279541,0.5992463955147395,7.359865579981425e-08,0.922575056552887
ResCAE,"cae:(3, 0.005, 0.0001)",3,0.005,0.0001,30,False,0.01624816656112671,0.543906733508003,1.1333814339671565e-06,0.9299955368041992
ResCAE,"cae:(3, 0.005, 0.0001)",3,0.005,0.0001,45,False,0.016974568367004395,0.5975128532853369,1.1837707687771435e-07,0.8239052891731262
ResCAE,"cae:(3, 0.005, 0.0001)",3,0.005,0.0001,99,False,0.01657891273498535,0.719282981246377,1.9736075803386027e-06,0.945117175579071
ResCAE,"cae:(3, 0.005, 0.0001)",3,0.005,0.0001,2048,False,0.016301751136779785,0.7950953730627823,2.293508096175307e-07,0.6944617629051208
ResCAE,"cae:(3, 0.005, 0.0005)",3,0.005,0.0005,10,False,0.015037953853607178,0.5806680884768253,2.120080179363716e-06,0.9420425295829773
ResCAE,"cae:(3, 0.005, 0.0005)",3,0.005,0.0005,30,False,0.016215920448303223,0.5428537237552699,1.0357928127778906e-06,0.9304289221763611
ResCAE,"cae:(3, 0.005, 0.0005)",3,0.005,0.0005,45,False,0.017464876174926758,0.5846269330061837,1.5448951962335318e-07,0.823759138584137
ResCAE,"cae:(3, 0.005, 0.0005)",3,0.005,0.0005,99,False,0.01677173376083374,0.7154621466199065,3.990790808684053e-06,0.9449970126152039
ResCAE,"cae:(3, 0.005, 0.0005)",3,0.005,0.0005,2048,False,0.014966607093811035,0.6077253397388858,1.2253966299810898e-07,0.8926002383232117
ResCAE,"cae:(3, 0.01, 1e-06)",3,0.01,1e-06,10,False,0.012918293476104736,0.5289785897901849,0.9986360404520095,0.9851882457733154
ResCAE,"cae:(3, 0.01, 1e-06)",3,0.01,1e-06,30,False,0.010757505893707275,0.5726962781915906,0.8902665571267052,0.7611343264579773
ResCAE,"cae:(3, 0.01, 1e-06)",3,0.01,1e-06,45,False,0.007142603397369385,0.7721429570555827,0.9999994788287947,0.9999449253082275
ResCAE,"cae:(3, 0.01, 1e-06)",3,0.01,1e-06,99,False,0.0049765706062316895,0.6997954379414427,0.9999997502561766,1.0000932216644287
ResCAE,"cae:(3, 0.01, 1e-06)",3,0.01,1e-06,2048,False,0.015945017337799072,0.8194225001009074,4.4839502091128977e-07,0.4398132562637329
ResCAE,"cae:(3, 0.01, 1e-05)",3,0.01,1e-05,10,False,0.014642119407653809,0.6735635321895549,9.626359621975434e-07,0.7622780799865723
ResCAE,"cae:(3, 0.01, 1e-05)",3,0.01,1e-05,30,False,0.01607668399810791,0.49179005109371254,1.0394493839228e-06,0.9373648762702942
ResCAE,"cae:(3, 0.01, 1e-05)",3,0.01,1e-05,45,False,0.016223609447479248,0.7799195191309299,2.1524665001310402e-07,0.5471946597099304
ResCAE,"cae:(3, 0.01, 1e-05)",3,0.01,1e-05,99,False,0.01753091812133789,0.8392787969195088,9.330098499172406e-08,0.511853814125061
ResCAE,"cae:(3, 0.01, 1e-05)",3,0.01,1e-05,2048,False,0.016310930252075195,0.8047962927441741,1.0166243363657928e-07,0.6960515975952148
ResCAE,"cae:(3, 0.01, 5e-05)",3,0.01,5e-05,10,False,0.015950024127960205,0.6403569393896466,4.893177669588294e-07,0.9190072417259216
ResCAE,"cae:(3, 0.01, 5e-05)",3,0.01,5e-05,30,False,0.016077935695648193,0.49570709923537604,6.04767996488989e-07,0.9372310042381287
ResCAE,"cae:(3, 0.01, 5e-05)",3,0.01,5e-05,45,False,0.01660364866256714,0.5859216708176389,3.15638380409594e-07,0.8577395677566528
ResCAE,"cae:(3, 0.01, 5e-05)",3,0.01,5e-05,99,False,0.015964090824127197,0.6062183216685886,4.5492081065580793e-07,0.9419854879379272
ResCAE,"cae:(3, 0.01, 5e-05)",3,0.01,5e-05,2048,False,0.016288161277770996,0.8132001895103282,1.619761958696855e-07,0.696040153503418
ResCAE,"cae:(3, 0.01, 0.0001)",3,0.01,0.0001,10,False,0.015770137310028076,0.6388516427008024,2.1032562897488482e-07,0.9191099405288696
ResCAE,"cae:(3, 0.01, 0.0001)",3,0.01,0.0001,30,False,0.016052305698394775,0.49391715446006756,1.4626374751548947e-06,0.9373124837875366
ResCAE,"cae:(3, 0.01, 0.0001)",3,0.01,0.0001,45,False,0.016660332679748535,0.5878320411566702,2.443239579065328e-07,0.8577752113342285
ResCAE,"cae:(3, 0.01, 0.0001)",3,0.01,0.0001,99,False,0.015903770923614502,0.6116454502786878,1.5882037825805636e-06,0.942279040813446
ResCAE,"cae:(3, 0.01, 0.0001)",3,0.01,0.0001,2048,False,0.01631408929824829,0.8009877195966579,2.374363980247177e-07,0.6960211396217346
ResCAE,"cae:(3, 0.01, 0.0005)",3,0.01,0.0005,10,False,0.013937890529632568,0.5065111354816842,1.8426759769240993e-07,0.9452016353607178
ResCAE,"cae:(3, 0.01, 0.0005)",3,0.01,0.0005,30,False,0.015975892543792725,0.5078852822436131,1.328489557520006e-06,0.9370461702346802
ResCAE,"cae:(3, 0.01, 0.0005)",3,0.01,0.0005,45,False,0.01716911792755127,0.5947625058677075,2.5919989954152833e-07,0.8575121760368347
ResCAE,"cae:(3, 0.01, 0.0005)",3,0.01,0.0005,99,False,0.01583021879196167,0.525375434777729,1.2913312039754332e-06,0.9519584774971008
ResCAE,"cae:(3, 0.01, 0.0005)",3,0.01,0.0005,2048,False,0.015018880367279053,0.5710435140304582,2.515883736858155e-07,0.892817497253418
ResCAE,"cae:(3, 0.05, 1e-06)",3,0.05,1e-06,10,False,0.007375001907348633,0.5104730433540389,0.9763614109694733,0.9231518507003784
ResCAE,"cae:(3, 0.05, 1e-06)",3,0.05,1e-06,30,False,0.01077800989151001,0.5696972444060275,0.9024050884213466,0.7737444639205933
ResCAE,"cae:(3, 0.05, 1e-06)",3,0.05,1e-06,45,False,0.007332146167755127,0.7396729758750279,0.9999995313463059,1.0000189542770386
ResCAE,"cae:(3, 0.05, 1e-06)",3,0.05,1e-06,99,False,0.0059697628021240234,0.689381311608535,0.999998622220201,1.0004221200942993
ResCAE,"cae:(3, 0.05, 1e-06)",3,0.05,1e-06,2048,False,0.01593881845474243,0.8075647990226369,4.4776101960756305e-07,0.4406922161579132
ResCAE,"cae:(3, 0.05, 1e-05)",3,0.05,1e-05,10,False,0.014684677124023438,0.6363273659410186,7.367316788693045e-07,0.7813018560409546
ResCAE,"cae:(3, 0.05, 1e-05)",3,0.05,1e-05,30,False,0.01636826992034912,0.6039570527669835,5.044210089426804e-07,0.8972340822219849
ResCAE,"cae:(3, 0.05, 1e-05)",3,0.05,1e-05,45,False,0.016390860080718994,0.7550242170961847,6.314234057763759e-08,0.5852790474891663
ResCAE,"cae:(3, 0.05, 1e-05)",3,0.05,1e-05,99,False,0.017277300357818604,0.9223977967058246,4.9353329611674924e-08,0.5345787405967712
ResCAE,"cae:(3, 0.05, 1e-05)",3,0.05,1e-05,2048,False,0.016289055347442627,0.8042190136097291,1.6482939351600275e-07,0.6970422267913818
ResCAE,"cae:(3, 0.05, 5e-05)",3,0.05,5e-05,10,False,0.01591736078262329,0.6004411242941587,8.450477403032645e-07,0.8955155611038208
ResCAE,"cae:(3, 0.05, 5e-05)",3,0.05,5e-05,30,False,0.016376972198486328,0.60946458573642,1.7407515990125018e-06,0.903365433216095
ResCAE,"cae:(3, 0.05, 5e-05)",3,0.05,5e-05,45,False,0.016585707664489746,0.5647908244891718,1.5808412637275824e-07,0.8776989579200745
ResCAE,"cae:(3, 0.05, 5e-05)",3,0.05,5e-05,99,False,0.014628589153289795,0.5301825404117162,4.993878935126967e-07,0.9216201305389404
ResCAE,"cae:(3, 0.05, 5e-05)",3,0.05,5e-05,2048,False,0.016268432140350342,0.8039529138520718,1.464877403846116e-07,0.6970975995063782
ResCAE,"cae:(3, 0.05, 0.0001)",3,0.05,0.0001,10,False,0.015569746494293213,0.5286858976208801,2.588594541706821e-07,0.9140776991844177
ResCAE,"cae:(3, 0.05, 0.0001)",3,0.05,0.0001,30,False,0.016358494758605957,0.6015478068010498,9.55597280949008e-07,0.9034774899482727
ResCAE,"cae:(3, 0.05, 0.0001)",3,0.05,0.0001,45,False,0.016654253005981445,0.5574455480999646,4.1317162393438004e-07,0.877749502658844
ResCAE,"cae:(3, 0.05, 0.0001)",3,0.05,0.0001,99,False,0.014601349830627441,0.5286205273915342,2.5952119285116056e-07,0.9216015934944153
ResCAE,"cae:(3, 0.05, 0.0001)",3,0.05,0.0001,2048,False,0.016281723976135254,0.8018296860176766,9.204129551988403e-08,0.6970875859260559
ResCAE,"cae:(3, 0.05, 0.0005)",3,0.05,0.0005,10,False,0.013781607151031494,0.4924085420009788,3.1075289652807737e-07,0.9332976937294006
ResCAE,"cae:(3, 0.05, 0.0005)",3,0.05,0.0005,30,False,0.01588606834411621,0.43056493918707245,8.921731509667533e-08,0.9417312145233154
ResCAE,"cae:(3, 0.05, 0.0005)",3,0.05,0.0005,45,False,0.016947388648986816,0.5079188702500572,1.5086929635383696e-07,0.9083436727523804
ResCAE,"cae:(3, 0.05, 0.0005)",3,0.05,0.0005,99,False,0.014568686485290527,0.5297576365477962,1.7592429022257112e-07,0.921542227268219
ResCAE,"cae:(3, 0.05, 0.0005)",3,0.05,0.0005,2048,False,0.014996230602264404,0.5985009292912697,6.3053228259354775e-09,0.8929014801979065
ResCAE,"cae:(3, 0.1, 1e-06)",3,0.1,1e-06,10,False,0.0075151920318603516,0.5180502475559958,0.9746485742687879,0.9244756698608398
ResCAE,"cae:(3, 0.1, 1e-06)",3,0.1,1e-06,30,False,0.010792255401611328,0.5779491982312148,0.9040895594700341,0.7752103805541992
ResCAE,"cae:(3, 0.1, 1e-06)",3,0.1,1e-06,45,False,0.007370412349700928,0.7412952476654449,0.9999995156605949,0.9999732375144958
ResCAE,"cae:(3, 0.1, 1e-06)",3,0.1,1e-06,99,False,0.005965292453765869,0.6757772115795369,0.9999996899838758,0.9997063279151917
ResCAE,"cae:(3, 0.1, 1e-06)",3,0.1,1e-06,2048,False,0.015953123569488525,0.8045955787701806,4.20923990054598e-07,0.44076332449913025
ResCAE,"cae:(3, 0.1, 1e-05)",3,0.1,1e-05,10,False,0.014717936515808105,0.6503739926425722,1.2524939452413909e-06,0.7834656834602356
ResCAE,"cae:(3, 0.1, 1e-05)",3,0.1,1e-05,30,False,0.016326725482940674,0.5976031542448065,7.837619681271568e-07,0.8980487585067749
ResCAE,"cae:(3, 0.1, 1e-05)",3,0.1,1e-05,45,False,0.01639026403427124,0.75789233620432,1.8741046484245698e-07,0.5876712203025818
ResCAE,"cae:(3, 0.1, 1e-05)",3,0.1,1e-05,99,False,0.017245769500732422,0.9268830010759291,1.9642917243530207e-07,0.5372339487075806
ResCAE,"cae:(3, 0.1, 1e-05)",3,0.1,1e-05,2048,False,0.016296029090881348,0.8103144177469229,9.234574429657091e-08,0.6972305774688721
ResCAE,"cae:(3, 0.1, 5e-05)",3,0.1,5e-05,10,True,0.015825510025024414,0.5949053557697869,4.276517295792203e-08,0.8973085880279541
ResCAE,"cae:(3, 0.1, 5e-05)",3,0.1,5e-05,30,True,0.01634800434112549,0.6026216771868997,3.7209487793895005e-07,0.9043098092079163
ResCAE,"cae:(3, 0.1, 5e-05)",3,0.1,5e-05,45,True,0.016587495803833008,0.5532666728205714,6.337321281855148e-07,0.8792985677719116
ResCAE,"cae:(3, 0.1, 5e-05)",3,0.1,5e-05,99,True,0.014498233795166016,0.494582612844763,8.04528126898974e-08,0.9235771298408508
ResCAE,"cae:(3, 0.1, 5e-05)",3,0.1,5e-05,2048,True,0.01628214120864868,0.8167286881438177,1.6409251943318952e-07,0.6971555352210999
ResCAE,"cae:(3, 0.1, 0.0001)",3,0.1,0.0001,10,False,0.015798866748809814,0.6193527484598683,9.984479521535065e-08,0.8972495794296265
ResCAE,"cae:(3, 0.1, 0.0001)",3,0.1,0.0001,30,False,0.01632481813430786,0.6029097759235201,1.406549416341765e-07,0.9043902158737183
ResCAE,"cae:(3, 0.1, 0.0001)",3,0.1,0.0001,45,False,0.016655027866363525,0.5486838464992636,1.9596965124412586e-07,0.879250168800354
ResCAE,"cae:(3, 0.1, 0.0001)",3,0.1,0.0001,99,False,0.01446986198425293,0.49985751857667127,3.214489546605955e-07,0.9235407114028931
ResCAE,"cae:(3, 0.1, 0.0001)",3,0.1,0.0001,2048,False,0.01629573106765747,0.8139696730243317,1.1730795667548395e-07,0.6971158981323242
ResCAE,"cae:(3, 0.1, 0.0005)",3,0.1,0.0005,10,False,0.013888001441955566,0.4877004051284083,1.4349608802010796e-07,0.934267520904541
ResCAE,"cae:(3, 0.1, 0.0005)",3,0.1,0.0005,30,False,0.015908241271972656,0.429249029737755,2.808955435613547e-08,0.9420361518859863
ResCAE,"cae:(3, 0.1, 0.0005)",3,0.1,0.0005,45,False,0.01695406436920166,0.5254026944353477,2.612949213956854e-07,0.9098528623580933
ResCAE,"cae:(3, 0.1, 0.0005)",3,0.1,0.0005,99,False,0.014507532119750977,0.4957383811312914,1.9313407516246674e-07,0.9235328435897827
ResCAE,"cae:(3, 0.1, 0.0005)",3,0.1,0.0005,2048,False,0.015035271644592285,0.5963073694526333,1.4362735663637065e-07,0.8929086923599243
ResCAE,"cae:(5, 0.001, 1e-06)",5,0.001,1e-06,10,False,0.0061051249504089355,0.488916236026833,0.9999992983363941,1.0000516176223755
ResCAE,"cae:(5, 0.001, 1e-06)",5,0.001,1e-06,30,False,0.00987863540649414,0.5076016772506124,0.8271445652322053,0.8497032523155212
ResCAE,"cae:(5, 0.001, 1e-06)",5,0.001,1e-06,45,False,0.012843668460845947,0.5409328355955414,0.9999991682975177,0.9999924302101135
ResCAE,"cae:(5, 0.001, 1e-06)",5,0.001,1e-06,99,False,0.00841432809829712,0.6182662492206755,0.39337944124891927,0.6179171800613403
ResCAE,"cae:(5, 0.001, 1e-06)",5,0.001,1e-06,2048,False,0.005419909954071045,0.6209125350488274,0.912464764910995,0.9067789316177368
ResCAE,"cae:(5, 0.001, 1e-05)",5,0.001,1e-05,10,False,0.01401972770690918,0.8061814032345861,3.496155686675577e-08,0.5581781268119812
ResCAE,"cae:(5, 0.001, 1e-05)",5,0.001,1e-05,30,False,0.01685047149658203,0.8732413932085086,9.175698241115112e-08,0.710046648979187
ResCAE,"cae:(5, 0.001, 1e-05)",5,0.001,1e-05,45,False,0.017608046531677246,0.9778283248614849,9.016343581499431e-08,0.7415720224380493
ResCAE,"cae:(5, 0.001, 1e-05)",5,0.001,1e-05,99,False,0.01654374599456787,0.8456451055305355,7.605476432087177e-08,0.793884813785553
ResCAE,"cae:(5, 0.001, 1e-05)",5,0.001,1e-05,2048,False,0.015191256999969482,0.675051985656536,0.08913634750704588,0.5488194227218628
ResCAE,"cae:(5, 0.001, 5e-05)",5,0.001,5e-05,10,False,0.0165366530418396,0.5756680697602252,1.0695553695927747e-06,0.9777300953865051
ResCAE,"cae:(5, 0.001, 5e-05)",5,0.001,5e-05,30,False,0.01624119281768799,0.7475802762381628,1.7594457968732952e-08,0.8069965243339539
ResCAE,"cae:(5, 0.001, 5e-05)",5,0.001,5e-05,45,False,0.017093658447265625,0.9991311499097456,2.0342453875550495e-08,0.7765907645225525
ResCAE,"cae:(5, 0.001, 5e-05)",5,0.001,5e-05,99,False,0.016519665718078613,0.8718782730919248,1.6784310230873206e-08,0.7941192388534546
ResCAE,"cae:(5, 0.001, 5e-05)",5,0.001,5e-05,2048,False,0.016800642013549805,0.8163994908599915,3.308818399873595e-08,0.6493183970451355
ResCAE,"cae:(5, 0.001, 0.0001)",5,0.001,0.0001,10,False,0.0168764591217041,0.5633618878479062,1.6383423631370602e-06,0.9782137870788574
ResCAE,"cae:(5, 0.001, 0.0001)",5,0.001,0.0001,30,False,0.01639503240585327,0.7423370129226229,2.2943464774503886e-08,0.8074872493743896
ResCAE,"cae:(5, 0.001, 0.0001)",5,0.001,0.0001,45,False,0.016969799995422363,0.9511146883789656,5.182431810279032e-08,0.7771771550178528
ResCAE,"cae:(5, 0.001, 0.0001)",5,0.001,0.0001,99,False,0.016482889652252197,0.8593687268385425,7.979944617036208e-08,0.7942676544189453
ResCAE,"cae:(5, 0.001, 0.0001)",5,0.001,0.0001,2048,False,0.016809582710266113,0.8009262103929325,6.005946926216402e-08,0.6495068669319153
ResCAE,"cae:(5, 0.001, 0.0005)",5,0.001,0.0005,10,False,0.01723456382751465,0.6036059378081721,1.0506287875484324e-07,0.9006039500236511
ResCAE,"cae:(5, 0.001, 0.0005)",5,0.001,0.0005,30,False,0.017489969730377197,0.5504355340078483,1.400642835162859e-08,0.9275146722793579
ResCAE,"cae:(5, 0.001, 0.0005)",5,0.001,0.0005,45,False,0.017751038074493408,0.546349314831723,8.197609308125281e-08,0.9526827931404114
ResCAE,"cae:(5, 0.001, 0.0005)",5,0.001,0.0005,99,False,0.017375648021697998,0.6004471552494509,2.375602065977218e-07,0.9925860166549683
ResCAE,"cae:(5, 0.001, 0.0005)",5,0.001,0.0005,2048,False,0.016680896282196045,0.8074115557597139,1.0109876768123294e-08,0.684525191783905
ResCAE,"cae:(5, 0.005, 1e-06)",5,0.005,1e-06,10,False,0.014645099639892578,0.5860215687632037,0.9999993466720937,1.0000057220458984
ResCAE,"cae:(5, 0.005, 1e-06)",5,0.005,1e-06,30,False,0.011321544647216797,0.46985973337682585,0.9675291057147897,0.9438696503639221
ResCAE,"cae:(5, 0.005, 1e-06)",5,0.005,1e-06,45,False,0.00503993034362793,0.5633906228117024,0.9999994618227165,0.9999809265136719
ResCAE,"cae:(5, 0.005, 1e-06)",5,0.005,1e-06,99,False,0.008952617645263672,0.6551210166011169,0.5222428288562998,0.6695013642311096
ResCAE,"cae:(5, 0.005, 1e-06)",5,0.005,1e-06,2048,False,0.007283508777618408,0.5405363867763721,0.9999994479946311,1.0000479221343994
ResCAE,"cae:(5, 0.005, 1e-05)",5,0.005,1e-05,10,False,0.0152016282081604,0.9330241620663471,1.4570430133447303e-07,0.6411181688308716
ResCAE,"cae:(5, 0.005, 1e-05)",5,0.005,1e-05,30,False,0.017173826694488525,0.8889318132173061,1.684386613635308e-07,0.6827301383018494
ResCAE,"cae:(5, 0.005, 1e-05)",5,0.005,1e-05,45,False,0.017365336418151855,0.9095908474496427,1.0343359203540757e-07,0.7428695559501648
ResCAE,"cae:(5, 0.005, 1e-05)",5,0.005,1e-05,99,False,0.01759093999862671,0.8858151517044168,1.2996691969955428e-07,0.7762365341186523
ResCAE,"cae:(5, 0.005, 1e-05)",5,0.005,1e-05,2048,False,0.0164605975151062,0.733365367440972,0.14846976499739656,0.5958099365234375
ResCAE,"cae:(5, 0.005, 5e-05)",5,0.005,5e-05,10,True,0.014934778213500977,0.8291023253325301,8.645329890549172e-08,0.8722748160362244
ResCAE,"cae:(5, 0.005, 5e-05)",5,0.005,5e-05,30,True,0.015778779983520508,0.4431112574190919,2.420625219240185e-07,0.9172284007072449
ResCAE,"cae:(5, 0.005, 5e-05)",5,0.005,5e-05,45,True,0.017377853393554688,0.9152559049863702,2.2466572869787728e-07,0.8529072999954224
ResCAE,"cae:(5, 0.005, 5e-05)",5,0.005,5e-05,99,True,0.017588436603546143,0.8964137788969742,5.8391204157643455e-08,0.7763156294822693
ResCAE,"cae:(5, 0.005, 5e-05)",5,0.005,5e-05,2048,True,0.017312169075012207,1.0210470148670001,8.976633513858005e-08,0.8061473369598389
ResCAE,"cae:(5, 0.005, 0.0001)",5,0.005,0.0001,10,False,0.014963805675506592,0.8325187110852013,1.3590197777946393e-07,0.8722357749938965
ResCAE,"cae:(5, 0.005, 0.0001)",5,0.005,0.0001,30,False,0.0160825252532959,0.48525959539153274,1.5866555052902386e-07,0.9173043370246887
ResCAE,"cae:(5, 0.005, 0.0001)",5,0.005,0.0001,45,False,0.017395436763763428,0.8921509585500533,7.732106791024913e-08,0.8530685305595398
ResCAE,"cae:(5, 0.005, 0.0001)",5,0.005,0.0001,99,False,0.017576992511749268,0.9040658911773641,7.502376163838801e-08,0.7763630151748657
ResCAE,"cae:(5, 0.005, 0.0001)",5,0.005,0.0001,2048,False,0.01724863052368164,1.0312669720770558,2.5720604978327566e-08,0.8061352372169495
ResCAE,"cae:(5, 0.005, 0.0005)",5,0.005,0.0005,10,False,0.015893876552581787,0.7737381814147801,6.518617707267758e-08,0.8723392486572266
ResCAE,"cae:(5, 0.005, 0.0005)",5,0.005,0.0005,30,False,0.01716792583465576,0.44607054725602513,1.3839559254880548e-07,0.9264283776283264
ResCAE,"cae:(5, 0.005, 0.0005)",5,0.005,0.0005,45,False,0.017497718334197998,0.8476260870767492,1.9916520452847817e-08,0.8534781336784363
ResCAE,"cae:(5, 0.005, 0.0005)",5,0.005,0.0005,99,False,0.017374038696289062,0.9080168967776929,3.2577671285469783e-08,0.7764146327972412
ResCAE,"cae:(5, 0.005, 0.0005)",5,0.005,0.0005,2048,False,0.016677796840667725,1.0275308970932624,1.851962853879483e-08,0.8152095079421997
ResCAE,"cae:(5, 0.01, 1e-06)",5,0.01,1e-06,10,False,0.014682769775390625,0.5961803707678381,0.9999994796093022,1.0000157356262207
ResCAE,"cae:(5, 0.01, 1e-06)",5,0.01,1e-06,30,False,0.01131504774093628,0.47851580351424877,0.9825758046621444,0.958227276802063
ResCAE,"cae:(5, 0.01, 1e-06)",5,0.01,1e-06,45,False,0.005267441272735596,0.5844274491913986,0.9999995418908603,1.0001115798950195
ResCAE,"cae:(5, 0.01, 1e-06)",5,0.01,1e-06,99,False,0.008869051933288574,0.650320266718645,0.5437323005269922,0.6749405860900879
ResCAE,"cae:(5, 0.01, 1e-06)",5,0.01,1e-06,2048,False,0.006951630115509033,0.5336614516251145,0.9999996132430871,1.000024437904358
ResCAE,"cae:(5, 0.01, 1e-05)",5,0.01,1e-05,10,False,0.015316545963287354,0.9262401651287646,6.886600100106039e-08,0.6517765522003174
ResCAE,"cae:(5, 0.01, 1e-05)",5,0.01,1e-05,30,False,0.017095565795898438,0.9580777767131133,2.2037428394089635e-07,0.6325731873512268
ResCAE,"cae:(5, 0.01, 1e-05)",5,0.01,1e-05,45,False,0.017459571361541748,0.948440452860345,1.5143828936315328e-07,0.7517333626747131
ResCAE,"cae:(5, 0.01, 1e-05)",5,0.01,1e-05,99,False,0.017475664615631104,0.9411151082207427,8.497543233481854e-08,0.741571307182312
ResCAE,"cae:(5, 0.01, 1e-05)",5,0.01,1e-05,2048,False,0.016647815704345703,0.720273163759078,0.1924332483638463,0.6297346949577332
ResCAE,"cae:(5, 0.01, 5e-05)",5,0.01,5e-05,10,False,0.015069544315338135,0.8016525789356582,1.0923055538042525e-07,0.8813431262969971
ResCAE,"cae:(5, 0.01, 5e-05)",5,0.01,5e-05,30,False,0.017164409160614014,0.8736934618968277,1.519899086711458e-07,0.8551853895187378
ResCAE,"cae:(5, 0.01, 5e-05)",5,0.01,5e-05,45,False,0.017942190170288086,0.918945907296228,6.996326685030685e-08,0.8274537324905396
ResCAE,"cae:(5, 0.01, 5e-05)",5,0.01,5e-05,99,False,0.017627418041229248,0.9276953299623064,5.3719232704369875e-08,0.7814763784408569
ResCAE,"cae:(5, 0.01, 5e-05)",5,0.01,5e-05,2048,False,0.017349839210510254,0.9549934724250894,1.2645203674002566e-07,0.8383820056915283
ResCAE,"cae:(5, 0.01, 0.0001)",5,0.01,0.0001,10,False,0.015076935291290283,0.8219310920691096,1.442959871285442e-07,0.8814483880996704
ResCAE,"cae:(5, 0.01, 0.0001)",5,0.01,0.0001,30,False,0.01719290018081665,0.8615236562689909,9.166960021424283e-08,0.8551545739173889
ResCAE,"cae:(5, 0.01, 0.0001)",5,0.01,0.0001,45,False,0.017306387424468994,0.8224500990541688,1.72938929628018e-07,0.8610809445381165
ResCAE,"cae:(5, 0.01, 0.0001)",5,0.01,0.0001,99,False,0.01763594150543213,0.8971904565222512,8.726352485270178e-08,0.7815410494804382
ResCAE,"cae:(5, 0.01, 0.0001)",5,0.01,0.0001,2048,False,0.01728290319442749,0.9698161489149805,7.213182928407984e-08,0.8384550213813782
ResCAE,"cae:(5, 0.01, 0.0005)",5,0.01,0.0005,10,False,0.016178250312805176,0.7654503458157704,1.3611743652113003e-07,0.881464958190918
ResCAE,"cae:(5, 0.01, 0.0005)",5,0.01,0.0005,30,False,0.017371416091918945,0.460081160720072,1.7692689954930302e-07,0.9164933562278748
ResCAE,"cae:(5, 0.01, 0.0005)",5,0.01,0.0005,45,False,0.01746058464050293,0.809984852218432,1.0142848797949403e-08,0.8614692687988281
ResCAE,"cae:(5, 0.01, 0.0005)",5,0.01,0.0005,99,False,0.01748073101043701,0.9519752649591405,3.6856194460826884e-08,0.7816356420516968
ResCAE,"cae:(5, 0.01, 0.0005)",5,0.01,0.0005,2048,False,0.016575515270233154,0.9627460275944426,5.092680830709034e-08,0.8489338159561157
ResCAE,"cae:(5, 0.05, 1e-06)",5,0.05,1e-06,10,False,0.014706015586853027,0.5952314706418165,0.9999995378489545,1.0000871419906616
ResCAE,"cae:(5, 0.05, 1e-06)",5,0.05,1e-06,30,False,0.014019489288330078,0.5671486649726928,0.9154770757915772,0.876807689666748
ResCAE,"cae:(5, 0.05, 1e-06)",5,0.05,1e-06,45,False,0.004875779151916504,0.555730299983725,0.9999995430207643,1.000067949295044
ResCAE,"cae:(5, 0.05, 1e-06)",5,0.05,1e-06,99,False,0.008869290351867676,0.6502227139013328,0.5579007189319303,0.6783508658409119
ResCAE,"cae:(5, 0.05, 1e-06)",5,0.05,1e-06,2048,False,0.0032470226287841797,0.5433859894364331,0.9999995519787261,1.0000075101852417
ResCAE,"cae:(5, 0.05, 1e-05)",5,0.05,1e-05,10,False,0.015341103076934814,0.9143731276523882,1.2016034339902352e-07,0.6601899266242981
ResCAE,"cae:(5, 0.05, 1e-05)",5,0.05,1e-05,30,False,0.017075061798095703,0.9509012137419821,1.1708652986618699e-07,0.6426512002944946
ResCAE,"cae:(5, 0.05, 1e-05)",5,0.05,1e-05,45,False,0.017429471015930176,0.9575210636999801,4.3175730378383205e-08,0.7586725950241089
ResCAE,"cae:(5, 0.05, 1e-05)",5,0.05,1e-05,99,False,0.016149580478668213,0.9616976449889347,6.875559910098729e-08,0.6950609683990479
ResCAE,"cae:(5, 0.05, 1e-05)",5,0.05,1e-05,2048,False,0.016470909118652344,0.7045324120102473,0.23471352934837264,0.6574398875236511
ResCAE,"cae:(5, 0.05, 5e-05)",5,0.05,5e-05,10,False,0.015148162841796875,0.7716973582078869,5.1211297963602144e-08,0.8888381123542786
ResCAE,"cae:(5, 0.05, 5e-05)",5,0.05,5e-05,30,False,0.0172579288482666,0.8667842536666881,2.390777871685231e-07,0.8659837245941162
ResCAE,"cae:(5, 0.05, 5e-05)",5,0.05,5e-05,45,False,0.017868638038635254,0.8222368255229349,1.6124445717228836e-07,0.8444141149520874
ResCAE,"cae:(5, 0.05, 5e-05)",5,0.05,5e-05,99,False,0.016138553619384766,0.9742945151017207,5.801325762220479e-08,0.6950526237487793
ResCAE,"cae:(5, 0.05, 5e-05)",5,0.05,5e-05,2048,False,0.017240822315216064,0.9009324584057206,2.441879840771757e-07,0.8712401390075684
ResCAE,"cae:(5, 0.05, 0.0001)",5,0.05,0.0001,10,False,0.01518481969833374,0.7550727803920333,6.711582757820255e-08,0.8887718319892883
ResCAE,"cae:(5, 0.05, 0.0001)",5,0.05,0.0001,30,False,0.017292797565460205,0.8499860990317164,2.3550635198443585e-07,0.8660868406295776
ResCAE,"cae:(5, 0.05, 0.0001)",5,0.05,0.0001,45,False,0.017260432243347168,0.7712030576497019,1.0369011459578247e-07,0.8674272894859314
ResCAE,"cae:(5, 0.05, 0.0001)",5,0.05,0.0001,99,False,0.017625510692596436,0.9583409061179483,1.306237496565853e-07,0.7859193086624146
ResCAE,"cae:(5, 0.05, 0.0001)",5,0.05,0.0001,2048,False,0.01718682050704956,0.9141270927818812,9.215758053108657e-08,0.8712637424468994
ResCAE,"cae:(5, 0.05, 0.0005)",5,0.05,0.0005,10,False,0.016227662563323975,0.772008389283732,2.7327017004249294e-07,0.8888615369796753
ResCAE,"cae:(5, 0.05, 0.0005)",5,0.05,0.0005,30,False,0.01759636402130127,0.5084230004468663,1.8952161981637082e-07,0.9264274835586548
ResCAE,"cae:(5, 0.05, 0.0005)",5,0.05,0.0005,45,False,0.017384648323059082,0.7650873155752654,8.38610764523695e-08,0.8673403859138489
ResCAE,"cae:(5, 0.05, 0.0005)",5,0.05,0.0005,99,False,0.01751852035522461,0.9415532585268354,1.7035330861328285e-08,0.7858972549438477
ResCAE,"cae:(5, 0.05, 0.0005)",5,0.05,0.0005,2048,False,0.016392230987548828,0.8845524271868033,2.1656080111004423e-08,0.8818868398666382
ResCAE,"cae:(5, 0.1, 1e-06)",5,0.1,1e-06,10,False,0.014705538749694824,0.5962139735546295,0.9999994699424387,0.9999819397926331
ResCAE,"cae:(5, 0.1, 1e-06)",5,0.1,1e-06,30,False,0.013969123363494873,0.5718158889395815,0.9176705204150015,0.8783470392227173
ResCAE,"cae:(5, 0.1, 1e-06)",5,0.1,1e-06,45,False,0.004792153835296631,0.5590790030483742,0.9999993128917363,1.0000497102737427
ResCAE,"cae:(5, 0.1, 1e-06)",5,0.1,1e-06,99,False,0.008895158767700195,0.6499839546579721,0.5595174865208383,0.678859531879425
ResCAE,"cae:(5, 0.1, 1e-06)",5,0.1,1e-06,2048,False,0.004133999347686768,0.532484731386027,0.9999996372200377,0.9999809265136719
ResCAE,"cae:(5, 0.1, 1e-05)",5,0.1,1e-05,10,False,0.015354692935943604,0.8984487807032906,6.311298412305271e-08,0.6612976789474487
ResCAE,"cae:(5, 0.1, 1e-05)",5,0.1,1e-05,30,False,0.017077505588531494,0.9692412888614617,1.6890867172945722e-07,0.6443774104118347
ResCAE,"cae:(5, 0.1, 1e-05)",5,0.1,1e-05,45,False,0.01741999387741089,0.9632000908897415,2.2522287321423834e-07,0.7596878409385681
ResCAE,"cae:(5, 0.1, 1e-05)",5,0.1,1e-05,99,False,0.016164422035217285,0.9689901060686443,2.1566107139951767e-08,0.6956002116203308
ResCAE,"cae:(5, 0.1, 1e-05)",5,0.1,1e-05,2048,False,0.016395866870880127,0.7049216073108627,0.23255710392503964,0.662530779838562
ResCAE,"cae:(5, 0.1, 5e-05)",5,0.1,5e-05,10,False,0.015160977840423584,0.7556600583009738,1.7482348754311652e-07,0.8896312713623047
ResCAE,"cae:(5, 0.1, 5e-05)",5,0.1,5e-05,30,False,0.01724773645401001,0.8624014814766556,2.015857469770594e-07,0.867573082447052
ResCAE,"cae:(5, 0.1, 5e-05)",5,0.1,5e-05,45,False,0.01784825325012207,0.8417705116882033,7.01669886580383e-08,0.8453794717788696
ResCAE,"cae:(5, 0.1, 5e-05)",5,0.1,5e-05,99,False,0.016144275665283203,0.9798683808631546,5.32064754062673e-08,0.6955349445343018
ResCAE,"cae:(5, 0.1, 5e-05)",5,0.1,5e-05,2048,False,0.017241835594177246,0.8991755200849963,1.433933631269669e-07,0.8773131370544434
ResCAE,"cae:(5, 0.1, 0.0001)",5,0.1,0.0001,10,False,0.015176653861999512,0.761550833173855,3.0178739457372144e-07,0.8896964192390442
ResCAE,"cae:(5, 0.1, 0.0001)",5,0.1,0.0001,30,False,0.017293334007263184,0.8404319782248624,2.3459357829361848e-08,0.8676371574401855
ResCAE,"cae:(5, 0.1, 0.0001)",5,0.1,0.0001,45,False,0.017238974571228027,0.7486452209113518,1.1863510541326928e-07,0.8682366013526917
ResCAE,"cae:(5, 0.1, 0.0001)",5,0.1,0.0001,99,False,0.017489314079284668,0.974576221747362,5.7131958866055684e-08,0.7463407516479492
ResCAE,"cae:(5, 0.1, 0.0001)",5,0.1,0.0001,2048,False,0.017183899879455566,0.8919886145322783,6.426463750038495e-08,0.8773053884506226
ResCAE,"cae:(5, 0.1, 0.0005)",5,0.1,0.0005,10,False,0.0162355899810791,0.7864712725707538,8.441628374721585e-09,0.8896469473838806
ResCAE,"cae:(5, 0.1, 0.0005)",5,0.1,0.0005,30,False,0.017624616622924805,0.5214865531566698,3.864930102624929e-08,0.9278293251991272
ResCAE,"cae:(5, 0.1, 0.0005)",5,0.1,0.0005,45,False,0.017401397228240967,0.7319323240568576,9.31987877865818e-08,0.8681932687759399
ResCAE,"cae:(5, 0.1, 0.0005)",5,0.1,0.0005,99,False,0.017525136470794678,0.9057408199350444,9.357572967626867e-08,0.7861515283584595
ResCAE,"cae:(5, 0.1, 0.0005)",5,0.1,0.0005,2048,False,0.016507983207702637,0.8520981914959952,4.0498175804910696e-08,0.8881715536117554
ResCAE,"cae:(8, 0.001, 1e-06)",8,0.001,1e-06,10,False,0.007337749004364014,0.6777650541872098,0.28344519799856144,0.6177688241004944
ResCAE,"cae:(8, 0.001, 1e-06)",8,0.001,1e-06,30,False,0.008570492267608643,0.7680816896557408,0.3234783897791964,0.601611316204071
ResCAE,"cae:(8, 0.001, 1e-06)",8,0.001,1e-06,45,False,0.007264971733093262,0.6150848293038255,0.9664751885883586,0.9693377017974854
ResCAE,"cae:(8, 0.001, 1e-06)",8,0.001,1e-06,99,False,0.0006330013275146484,0.7199580004554774,0.19579817521366233,0.5748552680015564
ResCAE,"cae:(8, 0.001, 1e-06)",8,0.001,1e-06,2048,False,0.009735167026519775,0.7990290875675942,0.40482000742806873,0.570753812789917
ResCAE,"cae:(8, 0.001, 1e-05)",8,0.001,1e-05,10,False,0.00934457778930664,0.811521029502219,0.09616578576670423,0.6919639706611633
ResCAE,"cae:(8, 0.001, 1e-05)",8,0.001,1e-05,30,False,0.012886643409729004,0.7293022610209833,0.2925357649172022,0.805749237537384
ResCAE,"cae:(8, 0.001, 1e-05)",8,0.001,1e-05,45,False,0.015905439853668213,0.6954876530666498,4.174100635294623e-07,0.8890553116798401
ResCAE,"cae:(8, 0.001, 1e-05)",8,0.001,1e-05,99,False,0.010900616645812988,0.6083662415375082,6.430401505240639e-07,0.9137258529663086
ResCAE,"cae:(8, 0.001, 1e-05)",8,0.001,1e-05,2048,False,0.01476597785949707,0.7133117916719166,4.021818052302919e-08,0.6080261468887329
ResCAE,"cae:(8, 0.001, 5e-05)",8,0.001,5e-05,10,False,0.01700413227081299,0.6886805999973363,7.364367075798522e-08,0.8826732635498047
ResCAE,"cae:(8, 0.001, 5e-05)",8,0.001,5e-05,30,False,0.016325294971466064,0.6713441034447591,1.2706940551540875e-07,0.7975745797157288
ResCAE,"cae:(8, 0.001, 5e-05)",8,0.001,5e-05,45,False,0.01721435785293579,0.6609049262666821,6.408116864228003e-08,0.8776804804801941
ResCAE,"cae:(8, 0.001, 5e-05)",8,0.001,5e-05,99,False,0.016209304332733154,0.6147411932251785,8.246979360921937e-08,0.8985254168510437
ResCAE,"cae:(8, 0.001, 5e-05)",8,0.001,5e-05,2048,False,0.016573011875152588,0.713228792606494,2.5768559595117423e-08,0.6810835003852844
ResCAE,"cae:(8, 0.001, 0.0001)",8,0.001,0.0001,10,False,0.01689225435256958,0.6840383550160974,3.123588558177455e-08,0.8928843140602112
ResCAE,"cae:(8, 0.001, 0.0001)",8,0.001,0.0001,30,False,0.016253948211669922,0.6887475176529969,1.1162168279297217e-07,0.7982397079467773
ResCAE,"cae:(8, 0.001, 0.0001)",8,0.001,0.0001,45,False,0.01695728302001953,0.6300366863289932,1.9927749006193817e-07,0.896065354347229
ResCAE,"cae:(8, 0.001, 0.0001)",8,0.001,0.0001,99,False,0.016653835773468018,0.6341100042901182,1.1476106666728732e-07,0.8804008960723877
ResCAE,"cae:(8, 0.001, 0.0001)",8,0.001,0.0001,2048,False,0.016717910766601562,0.6906780438622406,7.460675422235771e-08,0.6810426115989685
ResCAE,"cae:(8, 0.001, 0.0005)",8,0.001,0.0005,10,False,0.017888009548187256,0.5729492292027838,6.071461665139972e-08,0.9629307985305786
ResCAE,"cae:(8, 0.001, 0.0005)",8,0.001,0.0005,30,False,0.01746225357055664,0.5667721004527622,3.0542170109446984e-08,0.8966761231422424
ResCAE,"cae:(8, 0.001, 0.0005)",8,0.001,0.0005,45,False,0.017941951751708984,0.6761259783431571,2.5677078414450062e-08,0.9016814231872559
ResCAE,"cae:(8, 0.001, 0.0005)",8,0.001,0.0005,99,False,0.017268121242523193,0.7743684973422483,8.641386474860866e-10,0.7331903576850891
ResCAE,"cae:(8, 0.001, 0.0005)",8,0.001,0.0005,2048,False,0.017902612686157227,0.7484861174190464,4.505621703921878e-08,0.8818409442901611
ResCAE,"cae:(8, 0.005, 1e-06)",8,0.005,1e-06,10,False,0.011614203453063965,0.7206560537215528,0.4321719633385591,0.7428014278411865
ResCAE,"cae:(8, 0.005, 1e-06)",8,0.005,1e-06,30,False,0.008727967739105225,0.7361409377463528,0.7804564774326621,0.8075862526893616
ResCAE,"cae:(8, 0.005, 1e-06)",8,0.005,1e-06,45,False,0.011057376861572266,0.5006194036409968,0.9937351133723918,0.9909091591835022
ResCAE,"cae:(8, 0.005, 1e-06)",8,0.005,1e-06,99,False,0.015484392642974854,0.6702290467752795,0.9437535195219421,0.9736447334289551
ResCAE,"cae:(8, 0.005, 1e-06)",8,0.005,1e-06,2048,False,0.010213673114776611,0.6434197870082775,0.9661474230079214,0.9395650625228882
ResCAE,"cae:(8, 0.005, 1e-05)",8,0.005,1e-05,10,False,0.010199785232543945,0.6772858791748411,0.3927613307415437,0.8421732783317566
ResCAE,"cae:(8, 0.005, 1e-05)",8,0.005,1e-05,30,False,0.011121630668640137,0.6644970440343524,0.5093721114808476,0.7938646674156189
ResCAE,"cae:(8, 0.005, 1e-05)",8,0.005,1e-05,45,False,0.014656364917755127,0.7611752036289277,4.047154101601089e-08,0.6215135455131531
ResCAE,"cae:(8, 0.005, 1e-05)",8,0.005,1e-05,99,False,0.016956984996795654,0.7273849315800186,1.0481382242236949e-07,0.5855772495269775
ResCAE,"cae:(8, 0.005, 1e-05)",8,0.005,1e-05,2048,False,0.016456902027130127,0.7209097182645496,3.6678540352310906e-08,0.5464401245117188
ResCAE,"cae:(8, 0.005, 5e-05)",8,0.005,5e-05,10,False,0.01592385768890381,0.8045257125324823,3.89097419476801e-08,0.7114462852478027
ResCAE,"cae:(8, 0.005, 5e-05)",8,0.005,5e-05,30,False,0.016620635986328125,0.5965871761546544,1.3506801501727172e-07,0.7705715894699097
ResCAE,"cae:(8, 0.005, 5e-05)",8,0.005,5e-05,45,False,0.01715320348739624,0.7726056603239253,5.386455603913376e-07,0.9409024715423584
ResCAE,"cae:(8, 0.005, 5e-05)",8,0.005,5e-05,99,False,0.016614675521850586,0.602238310494254,8.00793880195534e-08,0.9431490302085876
ResCAE,"cae:(8, 0.005, 5e-05)",8,0.005,5e-05,2048,False,0.016263842582702637,0.7624437673202601,8.518058339356892e-08,0.666304886341095
ResCAE,"cae:(8, 0.005, 0.0001)",8,0.005,0.0001,10,False,0.016091108322143555,0.8028374473600708,3.203751006013027e-08,0.7114521861076355
ResCAE,"cae:(8, 0.005, 0.0001)",8,0.005,0.0001,30,False,0.017079472541809082,0.5957479754371932,1.2580628202222053e-07,0.7705100774765015
ResCAE,"cae:(8, 0.005, 0.0001)",8,0.005,0.0001,45,False,0.01736515760421753,0.7709590248352297,4.6013528022559756e-07,0.9409290552139282
ResCAE,"cae:(8, 0.005, 0.0001)",8,0.005,0.0001,99,False,0.01729482412338257,0.7204186235634569,2.8305819072133357e-07,0.8974462151527405
ResCAE,"cae:(8, 0.005, 0.0001)",8,0.005,0.0001,2048,False,0.01779186725616455,0.7814735913500123,2.630244704859557e-08,0.7052822113037109
ResCAE,"cae:(8, 0.005, 0.0005)",8,0.005,0.0005,10,False,0.017033934593200684,0.6246091537656595,6.787958754949286e-08,0.8015674948692322
ResCAE,"cae:(8, 0.005, 0.0005)",8,0.005,0.0005,30,False,0.018180549144744873,0.7159025732813769,4.854275788139721e-08,0.8785755038261414
ResCAE,"cae:(8, 0.005, 0.0005)",8,0.005,0.0005,45,False,0.017646193504333496,0.7040510247045584,9.540652700473361e-08,0.8791934847831726
ResCAE,"cae:(8, 0.005, 0.0005)",8,0.005,0.0005,99,False,0.01729428768157959,0.7050191162042287,2.3368662835850323e-08,0.897346019744873
ResCAE,"cae:(8, 0.005, 0.0005)",8,0.005,0.0005,2048,False,0.01815551519393921,0.8303184143192601,4.0251968034676535e-08,0.9606015682220459
ResCAE,"cae:(8, 0.01, 1e-06)",8,0.01,1e-06,10,False,0.004804432392120361,0.7367142879811996,0.3637274011361395,0.69234699010849
ResCAE,"cae:(8, 0.01, 1e-06)",8,0.01,1e-06,30,False,0.010015130043029785,0.6819898130204911,0.8389912239148113,0.8473199009895325
ResCAE,"cae:(8, 0.01, 1e-06)",8,0.01,1e-06,45,False,0.011586010456085205,0.6623931964858308,0.5996894422498543,0.7476633787155151
ResCAE,"cae:(8, 0.01, 1e-06)",8,0.01,1e-06,99,False,0.009821295738220215,0.7435285660511259,0.9285034622225726,0.9525421857833862
ResCAE,"cae:(8, 0.01, 1e-06)",8,0.01,1e-06,2048,False,0.009492039680480957,0.6646627483586977,0.9675055793283276,0.9426276087760925
ResCAE,"cae:(8, 0.01, 1e-05)",8,0.01,1e-05,10,False,0.010128021240234375,0.7448735857480737,0.46674255448014246,0.8448923826217651
ResCAE,"cae:(8, 0.01, 1e-05)",8,0.01,1e-05,30,False,0.011407196521759033,0.6368992119785879,0.6198782160087921,0.8338887691497803
ResCAE,"cae:(8, 0.01, 1e-05)",8,0.01,1e-05,45,False,0.015431761741638184,0.7622866856013757,7.206575875208445e-08,0.6324526071548462
ResCAE,"cae:(8, 0.01, 1e-05)",8,0.01,1e-05,99,False,0.01721644401550293,0.7812561211923245,1.0893221913811175e-07,0.6160604357719421
ResCAE,"cae:(8, 0.01, 1e-05)",8,0.01,1e-05,2048,False,0.01684868335723877,0.7492077486430752,2.7973850090685076e-08,0.5711919665336609
ResCAE,"cae:(8, 0.01, 5e-05)",8,0.01,5e-05,10,False,0.016455411911010742,0.6896398250858583,4.524875600714951e-08,0.7496483325958252
ResCAE,"cae:(8, 0.01, 5e-05)",8,0.01,5e-05,30,False,0.01680171489715576,0.6754644704034133,1.3001857051503793e-07,0.8112017512321472
ResCAE,"cae:(8, 0.01, 5e-05)",8,0.01,5e-05,45,False,0.017359554767608643,0.7907563781508415,6.676775497000063e-07,0.9452945590019226
ResCAE,"cae:(8, 0.01, 5e-05)",8,0.01,5e-05,99,False,0.017521202564239502,0.7797042802941976,7.530887136081973e-08,0.9189870357513428
ResCAE,"cae:(8, 0.01, 5e-05)",8,0.01,5e-05,2048,False,0.01641792058944702,0.8232837297956683,3.256811184374792e-08,0.674968421459198
ResCAE,"cae:(8, 0.01, 0.0001)",8,0.01,0.0001,10,False,0.01666390895843506,0.6935157822779713,4.810092767705508e-08,0.7496629357337952
ResCAE,"cae:(8, 0.01, 0.0001)",8,0.01,0.0001,30,False,0.01727229356765747,0.7146899450569674,1.0726196580719633e-07,0.8112378716468811
ResCAE,"cae:(8, 0.01, 0.0001)",8,0.01,0.0001,45,False,0.0176430344581604,0.7981070238746288,3.121026465425452e-07,0.9453580975532532
ResCAE,"cae:(8, 0.01, 0.0001)",8,0.01,0.0001,99,False,0.017235934734344482,0.8157345904633774,1.6157962994459995e-07,0.9189350008964539
ResCAE,"cae:(8, 0.01, 0.0001)",8,0.01,0.0001,2048,False,0.017814457416534424,0.7692669732243889,9.618435797949075e-08,0.7134773135185242
ResCAE,"cae:(8, 0.01, 0.0005)",8,0.01,0.0005,10,False,0.017564356327056885,0.6499983132498006,2.2227401442195657e-09,0.8062565326690674
ResCAE,"cae:(8, 0.01, 0.0005)",8,0.01,0.0005,30,False,0.018201351165771484,0.7424653163618717,8.007166564376886e-08,0.921248197555542
ResCAE,"cae:(8, 0.01, 0.0005)",8,0.01,0.0005,45,False,0.01805025339126587,0.8112112829317834,1.2373700004632817e-07,0.9491611123085022
ResCAE,"cae:(8, 0.01, 0.0005)",8,0.01,0.0005,99,False,0.017496764659881592,0.8345173404610144,2.8158779492109364e-08,0.9188485741615295
ResCAE,"cae:(8, 0.01, 0.0005)",8,0.01,0.0005,2048,False,0.01821911334991455,0.7945052197540757,7.743879163425795e-08,0.9624770283699036
ResCAE,"cae:(8, 0.05, 1e-06)",8,0.05,1e-06,10,False,0.00648576021194458,0.6874201120161495,0.8985769024464024,0.9267916083335876
ResCAE,"cae:(8, 0.05, 1e-06)",8,0.05,1e-06,30,False,0.011641502380371094,0.837963910279138,0.885998702165195,0.8828186988830566
ResCAE,"cae:(8, 0.05, 1e-06)",8,0.05,1e-06,45,False,0.011542141437530518,0.6578721356244961,0.6229541781139007,0.7528286576271057
ResCAE,"cae:(8, 0.05, 1e-06)",8,0.05,1e-06,99,False,0.015529990196228027,0.7897547046073911,0.9461463551904078,0.9526050090789795
ResCAE,"cae:(8, 0.05, 1e-06)",8,0.05,1e-06,2048,False,0.008800923824310303,0.6472905056573518,0.9685062329511528,0.9445173740386963
ResCAE,"cae:(8, 0.05, 1e-05)",8,0.05,1e-05,10,False,0.011444568634033203,0.707377371961311,0.6077318633236812,0.8686999082565308
ResCAE,"cae:(8, 0.05, 1e-05)",8,0.05,1e-05,30,False,0.013043820858001709,0.6864855881608586,0.6973967535658654,0.8690741062164307
ResCAE,"cae:(8, 0.05, 1e-05)",8,0.05,1e-05,45,False,0.01585930585861206,0.7361025972383185,6.445591241423855e-08,0.6391358375549316
ResCAE,"cae:(8, 0.05, 1e-05)",8,0.05,1e-05,99,False,0.0135536789894104,0.6708582003266935,0.19609298241301618,0.6664028167724609
ResCAE,"cae:(8, 0.05, 1e-05)",8,0.05,1e-05,2048,False,0.016830861568450928,0.7364538562429839,3.247843595840833e-08,0.5765805244445801
ResCAE,"cae:(8, 0.05, 5e-05)",8,0.05,5e-05,10,False,0.016883134841918945,0.5845490362868386,1.2708675128461175e-07,0.7807835340499878
ResCAE,"cae:(8, 0.05, 5e-05)",8,0.05,5e-05,30,False,0.017075777053833008,0.7236335326520587,7.363634805239371e-07,0.9479641318321228
ResCAE,"cae:(8, 0.05, 5e-05)",8,0.05,5e-05,45,False,0.017468571662902832,0.763341008152073,4.266917010920038e-07,0.949032187461853
ResCAE,"cae:(8, 0.05, 5e-05)",8,0.05,5e-05,99,False,0.017360270023345947,0.7590081183526634,2.1591147481259818e-07,0.9283628463745117
ResCAE,"cae:(8, 0.05, 5e-05)",8,0.05,5e-05,2048,False,0.01647120714187622,0.845487851212028,4.437031581851719e-08,0.681014358997345
ResCAE,"cae:(8, 0.05, 0.0001)",8,0.05,0.0001,10,False,0.017037630081176758,0.5853421091284609,6.439204143838462e-08,0.7808369994163513
ResCAE,"cae:(8, 0.05, 0.0001)",8,0.05,0.0001,30,False,0.017120063304901123,0.7273659736050914,2.777303995964351e-07,0.9479590654373169
ResCAE,"cae:(8, 0.05, 0.0001)",8,0.05,0.0001,45,False,0.017730653285980225,0.7568630234067429,2.241110182506277e-07,0.9490157961845398
ResCAE,"cae:(8, 0.05, 0.0001)",8,0.05,0.0001,99,False,0.017034709453582764,0.7849471456325925,1.5438728343408955e-07,0.9283655881881714
ResCAE,"cae:(8, 0.05, 0.0001)",8,0.05,0.0001,2048,False,0.01782745122909546,0.7456490855402416,4.085145986821113e-08,0.7181540131568909
ResCAE,"cae:(8, 0.05, 0.0005)",8,0.05,0.0005,10,False,0.01691901683807373,0.671690178909108,3.9527706283958254e-08,0.9369122982025146
ResCAE,"cae:(8, 0.05, 0.0005)",8,0.05,0.0005,30,False,0.0174562931060791,0.8319067768102741,9.649921135248177e-08,0.9480758905410767
ResCAE,"cae:(8, 0.05, 0.0005)",8,0.05,0.0005,45,False,0.018170058727264404,0.7758032161895185,1.5223722865907781e-07,0.9528250098228455
ResCAE,"cae:(8, 0.05, 0.0005)",8,0.05,0.0005,99,False,0.01732867956161499,0.7875860180797698,9.279727105879446e-08,0.9283522367477417
ResCAE,"cae:(8, 0.05, 0.0005)",8,0.05,0.0005,2048,False,0.01813143491744995,0.7780140645453417,8.484316971993093e-08,0.9399586319923401
ResCAE,"cae:(8, 0.1, 1e-06)",8,0.1,1e-06,10,False,0.0063683390617370605,0.6651634570180475,0.9106546953686356,0.9306766390800476
ResCAE,"cae:(8, 0.1, 1e-06)",8,0.1,1e-06,30,False,0.011372625827789307,0.8370195005015878,0.8948335457318244,0.8889378905296326
ResCAE,"cae:(8, 0.1, 1e-06)",8,0.1,1e-06,45,False,0.011584341526031494,0.6686429825029104,0.6228858861316778,0.7541972994804382
ResCAE,"cae:(8, 0.1, 1e-06)",8,0.1,1e-06,99,False,0.015406966209411621,0.7960757142527569,0.9501721715783489,0.9542363882064819
ResCAE,"cae:(8, 0.1, 1e-06)",8,0.1,1e-06,2048,False,0.009339451789855957,0.652693015269832,0.9688998992635689,0.9449692964553833
ResCAE,"cae:(8, 0.1, 1e-05)",8,0.1,1e-05,10,False,0.011675536632537842,0.709688330655754,0.6306257530415859,0.873268723487854
ResCAE,"cae:(8, 0.1, 1e-05)",8,0.1,1e-05,30,False,0.012510061264038086,0.7033121677822254,0.7184654208657164,0.8750292658805847
ResCAE,"cae:(8, 0.1, 1e-05)",8,0.1,1e-05,45,False,0.01583629846572876,0.7223695545410714,1.1492734404200488e-07,0.6410560011863708
ResCAE,"cae:(8, 0.1, 1e-05)",8,0.1,1e-05,99,False,0.015092730522155762,0.6788768734566428,0.13840015472378395,0.6699693202972412
ResCAE,"cae:(8, 0.1, 1e-05)",8,0.1,1e-05,2048,False,0.0168609619140625,0.7333788402441843,1.1046841029807717e-07,0.5779072642326355
ResCAE,"cae:(8, 0.1, 5e-05)",8,0.1,5e-05,10,True,0.016755640506744385,0.6461742686470007,5.4395188565873673e-08,0.7868203520774841
ResCAE,"cae:(8, 0.1, 5e-05)",8,0.1,5e-05,30,True,0.016343116760253906,0.7443547190233467,2.291297164072496e-07,0.8538666367530823
ResCAE,"cae:(8, 0.1, 5e-05)",8,0.1,5e-05,45,True,0.01747417449951172,0.7518083722688588,4.3928779508636544e-07,0.9497556090354919
ResCAE,"cae:(8, 0.1, 5e-05)",8,0.1,5e-05,99,True,0.017368972301483154,0.7565623981182981,2.893245395145189e-07,0.9303584098815918
ResCAE,"cae:(8, 0.1, 5e-05)",8,0.1,5e-05,2048,True,0.01645529270172119,0.8417528575111469,2.3050718498679916e-08,0.6824016571044922
ResCAE,"cae:(8, 0.1, 0.0001)",8,0.1,0.0001,10,False,0.01691889762878418,0.6274792210458104,8.238141403026403e-08,0.7868484854698181
ResCAE,"cae:(8, 0.1, 0.0001)",8,0.1,0.0001,30,False,0.017115235328674316,0.7456465195865914,1.6176409862084908e-07,0.9070785641670227
ResCAE,"cae:(8, 0.1, 0.0001)",8,0.1,0.0001,45,False,0.01774495840072632,0.7582338539283201,7.980687743518404e-07,0.9496572613716125
ResCAE,"cae:(8, 0.1, 0.0001)",8,0.1,0.0001,99,False,0.017032146453857422,0.7651953889362297,2.96359886723674e-07,0.9304054379463196
ResCAE,"cae:(8, 0.1, 0.0001)",8,0.1,0.0001,2048,False,0.017853140830993652,0.7533043166012622,5.6740866238321086e-08,0.7191945910453796
ResCAE,"cae:(8, 0.1, 0.0005)",8,0.1,0.0005,10,False,0.016903400421142578,0.6586978218305208,2.693562619526307e-07,0.9403014779090881
ResCAE,"cae:(8, 0.1, 0.0005)",8,0.1,0.0005,30,False,0.017257630825042725,0.7969470384955555,5.5047978042327094e-08,0.9509375691413879
ResCAE,"cae:(8, 0.1, 0.0005)",8,0.1,0.0005,45,False,0.018180489540100098,0.7801650654154731,1.2559551828028194e-07,0.9535757303237915
ResCAE,"cae:(8, 0.1, 0.0005)",8,0.1,0.0005,99,False,0.01727992296218872,0.7921974137264233,7.78659425974451e-08,0.9303887486457825
ResCAE,"cae:(8, 0.1, 0.0005)",8,0.1,0.0005,2048,False,0.018212318420410156,0.775417313221012,8.993271046396066e-08,0.9404419660568237
ResCAE,"cae:(10, 0.001, 1e-06)",10,0.001,1e-06,10,False,0.007611989974975586,0.6247270782911127,0.26580951335522685,0.6057076454162598
ResCAE,"cae:(10, 0.001, 1e-06)",10,0.001,1e-06,30,False,0.010307073593139648,0.8504769994707874,0.3814117186178226,0.6428728699684143
ResCAE,"cae:(10, 0.001, 1e-06)",10,0.001,1e-06,45,False,0.0021434426307678223,0.7181191707700865,0.5188311224970592,0.8539401888847351
ResCAE,"cae:(10, 0.001, 1e-06)",10,0.001,1e-06,99,False,0.006478667259216309,0.7764967521065768,0.45112120625075447,0.795669436454773
ResCAE,"cae:(10, 0.001, 1e-06)",10,0.001,1e-06,2048,False,0.004619598388671875,0.8379803549750038,0.1483434562960138,0.46176549792289734
ResCAE,"cae:(10, 0.001, 1e-05)",10,0.001,1e-05,10,False,0.009460985660552979,0.6442272919170199,0.22048618151078364,0.77077317237854
ResCAE,"cae:(10, 0.001, 1e-05)",10,0.001,1e-05,30,False,0.016133666038513184,0.8203010219719536,4.096853887927746e-08,0.6683018803596497
ResCAE,"cae:(10, 0.001, 1e-05)",10,0.001,1e-05,45,False,0.012558996677398682,0.7593478174613234,0.39133671750614185,0.918833315372467
ResCAE,"cae:(10, 0.001, 1e-05)",10,0.001,1e-05,99,False,0.007813513278961182,0.669068336107593,0.08575144608797311,0.7272248268127441
ResCAE,"cae:(10, 0.001, 1e-05)",10,0.001,1e-05,2048,False,0.006558358669281006,0.9206850704952149,0.09990846654093792,0.672209620475769
ResCAE,"cae:(10, 0.001, 5e-05)",10,0.001,5e-05,10,False,0.017383038997650146,0.6060105175217546,3.719369408989165e-08,0.6745521426200867
ResCAE,"cae:(10, 0.001, 5e-05)",10,0.001,5e-05,30,False,0.01736927032470703,0.7623589850058489,2.4769582870650703e-08,0.7523300051689148
ResCAE,"cae:(10, 0.001, 5e-05)",10,0.001,5e-05,45,False,0.016302108764648438,0.9301684913246301,3.379173911922419e-08,0.6685943007469177
ResCAE,"cae:(10, 0.001, 5e-05)",10,0.001,5e-05,99,False,0.01689213514328003,0.5825503147260416,2.5722437519001727e-08,0.7305552959442139
ResCAE,"cae:(10, 0.001, 5e-05)",10,0.001,5e-05,2048,False,0.016879260540008545,0.852969637661832,2.657511960069862e-08,0.5803344249725342
ResCAE,"cae:(10, 0.001, 0.0001)",10,0.001,0.0001,10,False,0.01744300127029419,0.5979754701832899,2.003956303071121e-08,0.6746340394020081
ResCAE,"cae:(10, 0.001, 0.0001)",10,0.001,0.0001,30,False,0.017367064952850342,0.7661391205045252,4.920027441733264e-08,0.7524730563163757
ResCAE,"cae:(10, 0.001, 0.0001)",10,0.001,0.0001,45,False,0.016447782516479492,0.9190706966520096,3.875719332182625e-08,0.6687420010566711
ResCAE,"cae:(10, 0.001, 0.0001)",10,0.001,0.0001,99,False,0.01697629690170288,0.5433604403276473,1.977438462329663e-08,0.7307425141334534
ResCAE,"cae:(10, 0.001, 0.0001)",10,0.001,0.0001,2048,False,0.01674056053161621,0.8192377055187884,2.800807445905323e-08,0.5804302096366882
ResCAE,"cae:(10, 0.001, 0.0005)",10,0.001,0.0005,10,False,0.017796099185943604,0.6291107368823073,3.8061038013471984e-08,0.8800239562988281
ResCAE,"cae:(10, 0.001, 0.0005)",10,0.001,0.0005,30,False,0.01761096715927124,0.9417216708370002,5.064839816620903e-10,0.833098828792572
ResCAE,"cae:(10, 0.001, 0.0005)",10,0.001,0.0005,45,False,0.017506420612335205,0.8497762673575877,4.834968639332719e-08,0.8929402232170105
ResCAE,"cae:(10, 0.001, 0.0005)",10,0.001,0.0005,99,False,0.01736593246459961,0.5326179287795479,4.445249028200891e-09,0.7887958288192749
ResCAE,"cae:(10, 0.001, 0.0005)",10,0.001,0.0005,2048,False,0.018186748027801514,0.7305784263436885,5.568379089063332e-09,0.6778743863105774
ResCAE,"cae:(10, 0.005, 1e-06)",10,0.005,1e-06,10,False,0.00833272933959961,0.7815878830498043,0.38036982491227794,0.6860807538032532
ResCAE,"cae:(10, 0.005, 1e-06)",10,0.005,1e-06,30,False,0.010595440864562988,0.8761418397721467,0.5342112015524769,0.7730354070663452
ResCAE,"cae:(10, 0.005, 1e-06)",10,0.005,1e-06,45,False,0.007017791271209717,0.641653622649828,0.8579749490549554,0.930142879486084
ResCAE,"cae:(10, 0.005, 1e-06)",10,0.005,1e-06,99,False,-0.0016412734985351562,0.7605943275410262,0.6289349186957374,0.8865704536437988
ResCAE,"cae:(10, 0.005, 1e-06)",10,0.005,1e-06,2048,False,0.007209062576293945,0.9189342103886728,0.26396948011458715,0.5736899971961975
ResCAE,"cae:(10, 0.005, 1e-05)",10,0.005,1e-05,10,False,0.009937167167663574,0.7421935187219817,0.22323329222392846,0.7566084265708923
ResCAE,"cae:(10, 0.005, 1e-05)",10,0.005,1e-05,30,False,0.01711982488632202,0.8026938152336843,1.199188671993665e-07,0.7959880232810974
ResCAE,"cae:(10, 0.005, 1e-05)",10,0.005,1e-05,45,False,0.015260100364685059,0.6863278837980625,0.24764823176052483,0.855413556098938
ResCAE,"cae:(10, 0.005, 1e-05)",10,0.005,1e-05,99,False,0.012894034385681152,0.7635088195125039,0.2953891483664216,0.8744193315505981
ResCAE,"cae:(10, 0.005, 1e-05)",10,0.005,1e-05,2048,False,0.009843885898590088,0.6809785553210455,0.43320331100438775,0.857516348361969
ResCAE,"cae:(10, 0.005, 5e-05)",10,0.005,5e-05,10,False,0.017335593700408936,0.6544164192632671,2.7657380128130568e-08,0.7915691137313843
ResCAE,"cae:(10, 0.005, 5e-05)",10,0.005,5e-05,30,False,0.01592344045639038,0.7894766857374166,6.490422056997691e-08,0.7732272744178772
ResCAE,"cae:(10, 0.005, 5e-05)",10,0.005,5e-05,45,False,0.016934573650360107,0.8632303692174079,8.121774107712913e-08,0.7866161465644836
ResCAE,"cae:(10, 0.005, 5e-05)",10,0.005,5e-05,99,False,0.015916824340820312,0.625079077398102,3.421288476597866e-08,0.8559190630912781
ResCAE,"cae:(10, 0.005, 5e-05)",10,0.005,5e-05,2048,False,0.017262160778045654,0.7711487528759422,1.791438627274303e-08,0.7788001298904419
ResCAE,"cae:(10, 0.005, 0.0001)",10,0.005,0.0001,10,False,0.017353057861328125,0.6460126438469914,5.3486563606650043e-08,0.7915468215942383
ResCAE,"cae:(10, 0.005, 0.0001)",10,0.005,0.0001,30,False,0.01679009199142456,0.7964334275979619,2.7834917897326982e-08,0.8174381256103516
ResCAE,"cae:(10, 0.005, 0.0001)",10,0.005,0.0001,45,False,0.017112672328948975,0.877558131378176,3.330418190428111e-08,0.7866911888122559
ResCAE,"cae:(10, 0.005, 0.0001)",10,0.005,0.0001,99,False,0.01609748601913452,0.5912025832672961,3.707753079294899e-08,0.8123210072517395
ResCAE,"cae:(10, 0.005, 0.0001)",10,0.005,0.0001,2048,False,0.01729869842529297,0.7763791078474623,1.694813366862682e-08,0.7788200974464417
ResCAE,"cae:(10, 0.005, 0.0005)",10,0.005,0.0005,10,False,0.01735067367553711,0.6231071303559012,3.3637317901655995e-08,0.7916812896728516
ResCAE,"cae:(10, 0.005, 0.0005)",10,0.005,0.0005,30,False,0.017612040042877197,0.7880054814543939,1.5742228531786028e-08,0.8173973560333252
ResCAE,"cae:(10, 0.005, 0.0005)",10,0.005,0.0005,45,False,0.01764291524887085,0.8010665580956694,1.80929178112777e-08,0.8554691076278687
ResCAE,"cae:(10, 0.005, 0.0005)",10,0.005,0.0005,99,False,0.01673954725265503,0.7034837303802142,6.354934293939109e-10,0.8123170733451843
ResCAE,"cae:(10, 0.005, 0.0005)",10,0.005,0.0005,2048,False,0.017770707607269287,0.8167007003521908,2.614449498340979e-08,0.7789742946624756
ResCAE,"cae:(10, 0.01, 1e-06)",10,0.01,1e-06,10,False,0.0098038911819458,0.7999519480272593,0.6110177777495327,0.8740288019180298
ResCAE,"cae:(10, 0.01, 1e-06)",10,0.01,1e-06,30,False,0.0114402174949646,0.797707160361601,0.5142437900349335,0.7897793650627136
ResCAE,"cae:(10, 0.01, 1e-06)",10,0.01,1e-06,45,False,0.006628811359405518,0.5805147044514287,0.8948533595627446,0.938897430896759
ResCAE,"cae:(10, 0.01, 1e-06)",10,0.01,1e-06,99,False,0.00440138578414917,0.652452941288905,0.3179849210543777,0.6489388942718506
ResCAE,"cae:(10, 0.01, 1e-06)",10,0.01,1e-06,2048,False,0.009160041809082031,0.933060810604389,0.32150589675648134,0.6081773638725281
ResCAE,"cae:(10, 0.01, 1e-05)",10,0.01,1e-05,10,False,0.010332286357879639,0.6483355182607007,0.2381546851456504,0.7861868739128113
ResCAE,"cae:(10, 0.01, 1e-05)",10,0.01,1e-05,30,False,0.0170590877532959,0.7903219829359762,6.783417668267646e-08,0.8128378987312317
ResCAE,"cae:(10, 0.01, 1e-05)",10,0.01,1e-05,45,False,0.015861690044403076,0.668017570677563,0.29928697147885913,0.8675458431243896
ResCAE,"cae:(10, 0.01, 1e-05)",10,0.01,1e-05,99,False,0.013190507888793945,0.8081957830224172,0.36935474715325795,0.9052412509918213
ResCAE,"cae:(10, 0.01, 1e-05)",10,0.01,1e-05,2048,False,0.008867859840393066,0.6894631544011616,0.43604605843519895,0.8480622172355652
ResCAE,"cae:(10, 0.01, 5e-05)",10,0.01,5e-05,10,False,0.01709449291229248,0.6708081230594253,7.29624937676008e-08,0.8212834596633911
ResCAE,"cae:(10, 0.01, 5e-05)",10,0.01,5e-05,30,False,0.015836894512176514,0.7831692472655506,1.058134780156303e-07,0.7898600697517395
ResCAE,"cae:(10, 0.01, 5e-05)",10,0.01,5e-05,45,False,0.017193198204040527,0.8893112184148774,4.445027665279397e-08,0.8043351173400879
ResCAE,"cae:(10, 0.01, 5e-05)",10,0.01,5e-05,99,False,0.01573282480239868,0.6501432301304126,7.961075906747992e-08,0.8472082614898682
ResCAE,"cae:(10, 0.01, 5e-05)",10,0.01,5e-05,2048,False,0.017395317554473877,0.7706919424848702,9.772867527859025e-08,0.8106862902641296
ResCAE,"cae:(10, 0.01, 0.0001)",10,0.01,0.0001,10,False,0.01710587739944458,0.671443894990637,6.262106640308246e-08,0.8213067650794983
ResCAE,"cae:(10, 0.01, 0.0001)",10,0.01,0.0001,30,False,0.01669222116470337,0.770941684553892,1.4090537683965991e-07,0.8330528736114502
ResCAE,"cae:(10, 0.01, 0.0001)",10,0.01,0.0001,45,False,0.017346441745758057,0.8909697910048759,1.8775262748047157e-08,0.8043842315673828
ResCAE,"cae:(10, 0.01, 0.0001)",10,0.01,0.0001,99,False,0.015670061111450195,0.654813320459885,4.2313531939239786e-08,0.8472191691398621
ResCAE,"cae:(10, 0.01, 0.0001)",10,0.01,0.0001,2048,False,0.01740342378616333,0.7809983583596577,8.891380900060824e-08,0.8106687068939209
ResCAE,"cae:(10, 0.01, 0.0005)",10,0.01,0.0005,10,False,0.01713496446609497,0.7122625662046599,6.581417522345163e-09,0.8213797211647034
ResCAE,"cae:(10, 0.01, 0.0005)",10,0.01,0.0005,30,False,0.017261624336242676,0.5878066318246344,2.0089806889721033e-08,0.933983564376831
ResCAE,"cae:(10, 0.01, 0.0005)",10,0.01,0.0005,45,False,0.01791667938232422,0.8379163283481357,9.83495232807295e-08,0.8442867994308472
ResCAE,"cae:(10, 0.01, 0.0005)",10,0.01,0.0005,99,False,0.016468405723571777,0.7360858825337762,4.1775368042562353e-08,0.8472316861152649
ResCAE,"cae:(10, 0.01, 0.0005)",10,0.01,0.0005,2048,False,0.018006205558776855,0.7928270010812952,2.3523339058259496e-08,0.8107900023460388
ResCAE,"cae:(10, 0.05, 1e-06)",10,0.05,1e-06,10,False,0.007487297058105469,0.7934154593287052,0.636239810539739,0.8714202642440796
ResCAE,"cae:(10, 0.05, 1e-06)",10,0.05,1e-06,30,False,0.011565923690795898,0.8419442581879216,0.53048339859799,0.7999238967895508
ResCAE,"cae:(10, 0.05, 1e-06)",10,0.05,1e-06,45,False,0.00796818733215332,0.5988476628124892,0.908977919943379,0.9422207474708557
ResCAE,"cae:(10, 0.05, 1e-06)",10,0.05,1e-06,99,False,-0.0008900165557861328,0.7477518719372185,0.6095667588607405,0.865817129611969
ResCAE,"cae:(10, 0.05, 1e-06)",10,0.05,1e-06,2048,False,0.0060616135597229,0.6229019080367676,0.67933713626631,0.8876091837882996
ResCAE,"cae:(10, 0.05, 1e-05)",10,0.05,1e-05,10,False,0.010239958763122559,0.7864681543649082,0.26416301928078384,0.8069762587547302
ResCAE,"cae:(10, 0.05, 1e-05)",10,0.05,1e-05,30,False,0.01705390214920044,0.734281790621213,5.6285165413774894e-08,0.8229306936264038
ResCAE,"cae:(10, 0.05, 1e-05)",10,0.05,1e-05,45,False,0.008769452571868896,0.6057585834716409,0.1299017869132619,0.5168240070343018
ResCAE,"cae:(10, 0.05, 1e-05)",10,0.05,1e-05,99,False,0.01593804359436035,0.8690335923545099,0.26995305849924284,0.877341628074646
ResCAE,"cae:(10, 0.05, 1e-05)",10,0.05,1e-05,2048,False,0.011250078678131104,0.6876352856742626,0.45136840087499225,0.8708420395851135
ResCAE,"cae:(10, 0.05, 5e-05)",10,0.05,5e-05,10,False,0.016867339611053467,0.6560013645125188,5.954040787101036e-08,0.8411438465118408
ResCAE,"cae:(10, 0.05, 5e-05)",10,0.05,5e-05,30,False,0.01569122076034546,0.7194683356671444,8.183979275158627e-08,0.7999618053436279
ResCAE,"cae:(10, 0.05, 5e-05)",10,0.05,5e-05,45,False,0.017535090446472168,0.8433554522827559,7.815849571365025e-08,0.8220195770263672
ResCAE,"cae:(10, 0.05, 5e-05)",10,0.05,5e-05,99,False,0.016307592391967773,0.6803104283466134,1.2327658801099138e-07,0.8719343543052673
ResCAE,"cae:(10, 0.05, 5e-05)",10,0.05,5e-05,2048,False,0.017298877239227295,0.7609640313658685,4.034627312615355e-08,0.833860456943512
ResCAE,"cae:(10, 0.05, 0.0001)",10,0.05,0.0001,10,False,0.016893863677978516,0.6347807899151346,8.723869006439656e-08,0.8411687612533569
ResCAE,"cae:(10, 0.05, 0.0001)",10,0.05,0.0001,30,False,0.01657247543334961,0.739399951842048,2.119278076078352e-08,0.8420810699462891
ResCAE,"cae:(10, 0.05, 0.0001)",10,0.05,0.0001,45,False,0.01736503839492798,0.8676851923791069,5.1903753894958426e-08,0.8219978213310242
ResCAE,"cae:(10, 0.05, 0.0001)",10,0.05,0.0001,99,False,0.016260147094726562,0.6920898458737333,7.688269975480662e-08,0.8719673752784729
ResCAE,"cae:(10, 0.05, 0.0001)",10,0.05,0.0001,2048,False,0.017301201820373535,0.7535342519954419,3.683978858921633e-08,0.8338044285774231
ResCAE,"cae:(10, 0.05, 0.0005)",10,0.05,0.0005,10,False,0.016866445541381836,0.6595867625641478,5.8561762568026954e-08,0.8411400318145752
ResCAE,"cae:(10, 0.05, 0.0005)",10,0.05,0.0005,30,False,0.017223060131072998,0.5790045661219404,1.3948998607176441e-08,0.9366470575332642
ResCAE,"cae:(10, 0.05, 0.0005)",10,0.05,0.0005,45,False,0.017766892910003662,0.7721813257962848,3.3712433261193905e-08,0.8536691665649414
ResCAE,"cae:(10, 0.05, 0.0005)",10,0.05,0.0005,99,False,0.017049729824066162,0.750066921813606,2.4067431892955105e-08,0.8719257712364197
ResCAE,"cae:(10, 0.05, 0.0005)",10,0.05,0.0005,2048,False,0.017867445945739746,0.7551321873951268,3.558225533031679e-08,0.8338862657546997
ResCAE,"cae:(10, 0.1, 1e-06)",10,0.1,1e-06,10,False,0.007843494415283203,0.8080114340450646,0.6432505431111722,0.8749256730079651
ResCAE,"cae:(10, 0.1, 1e-06)",10,0.1,1e-06,30,False,0.011343598365783691,0.8271008420263876,0.5365558922899158,0.8017916083335876
ResCAE,"cae:(10, 0.1, 1e-06)",10,0.1,1e-06,45,False,0.00821000337600708,0.6004013758501625,0.9083477076675136,0.9428818225860596
ResCAE,"cae:(10, 0.1, 1e-06)",10,0.1,1e-06,99,False,-0.0014834403991699219,0.7475779068812647,0.605610329821299,0.8700326681137085
ResCAE,"cae:(10, 0.1, 1e-06)",10,0.1,1e-06,2048,False,0.005944311618804932,0.6272831421326343,0.6955331774211517,0.8904708027839661
ResCAE,"cae:(10, 0.1, 1e-05)",10,0.1,1e-05,10,False,0.010545194149017334,0.7118889838694406,0.27727982267337825,0.8110803365707397
ResCAE,"cae:(10, 0.1, 1e-05)",10,0.1,1e-05,30,False,0.016943514347076416,0.7366615194240548,8.371250992241162e-08,0.8249061107635498
ResCAE,"cae:(10, 0.1, 1e-05)",10,0.1,1e-05,45,False,0.015940606594085693,0.6563265517603527,0.3604297971887949,0.8799036145210266
ResCAE,"cae:(10, 0.1, 1e-05)",10,0.1,1e-05,99,False,0.011123418807983398,0.8151237020787574,0.26162553526040017,0.8700547218322754
ResCAE,"cae:(10, 0.1, 1e-05)",10,0.1,1e-05,2048,False,0.011072218418121338,0.661861903914629,0.45515015994242525,0.8740261793136597
ResCAE,"cae:(10, 0.1, 5e-05)",10,0.1,5e-05,10,False,0.015717029571533203,0.7389211025934066,2.5668187973369717e-08,0.7949311137199402
ResCAE,"cae:(10, 0.1, 5e-05)",10,0.1,5e-05,30,False,0.015735864639282227,0.7239894621608817,8.961268432566633e-08,0.801857054233551
ResCAE,"cae:(10, 0.1, 5e-05)",10,0.1,5e-05,45,False,0.017577946186065674,0.818603764637168,8.222548302177362e-08,0.8176477551460266
ResCAE,"cae:(10, 0.1, 5e-05)",10,0.1,5e-05,99,False,0.016321897506713867,0.7046274775042016,1.0440809266188806e-07,0.8759253025054932
ResCAE,"cae:(10, 0.1, 5e-05)",10,0.1,5e-05,2048,False,0.017324090003967285,0.7843230297253401,9.193664231155576e-08,0.8372877836227417
ResCAE,"cae:(10, 0.1, 0.0001)",10,0.1,0.0001,10,True,0.01691889762878418,0.6733955232329174,5.54499973118136e-08,0.8445404767990112
ResCAE,"cae:(10, 0.1, 0.0001)",10,0.1,0.0001,30,True,0.01657092571258545,0.7061606175014467,3.565084703585587e-08,0.8436253070831299
ResCAE,"cae:(10, 0.1, 0.0001)",10,0.1,0.0001,45,True,0.017407894134521484,0.8601721690542928,2.534873525103626e-08,0.8246830105781555
ResCAE,"cae:(10, 0.1, 0.0001)",10,0.1,0.0001,99,True,0.016271770000457764,0.7171525305363151,7.267258123359827e-08,0.8759484887123108
ResCAE,"cae:(10, 0.1, 0.0001)",10,0.1,0.0001,2048,True,0.017299294471740723,0.7799207219227948,4.937671031246277e-08,0.8372729420661926
ResCAE,"cae:(10, 0.1, 0.0005)",10,0.1,0.0005,10,False,0.01699674129486084,0.665126595884554,2.3954923872503486e-08,0.8445046544075012
ResCAE,"cae:(10, 0.1, 0.0005)",10,0.1,0.0005,30,False,0.017275094985961914,0.5743934060114126,5.931899320381167e-08,0.9368135333061218
ResCAE,"cae:(10, 0.1, 0.0005)",10,0.1,0.0005,45,False,0.01724952459335327,0.5834359738012779,1.0547591854307016e-07,0.879916787147522
ResCAE,"cae:(10, 0.1, 0.0005)",10,0.1,0.0005,99,False,0.017102181911468506,0.7952430839769685,2.0391659611176347e-08,0.8759528398513794
ResCAE,"cae:(10, 0.1, 0.0005)",10,0.1,0.0005,2048,False,0.017812788486480713,0.7707418429228362,1.79916748226105e-08,0.8373711705207825
ResCAE-Fixed,"cae_fixed:(2, 1e-06)",2,0.0,1e-06,10,False,0.008839964866638184,0.5330681538439309,0.2915666992353272,0.0
ResCAE-Fixed,"cae_fixed:(2, 1e-06)",2,0.0,1e-06,30,False,0.008765757083892822,0.5133582333286955,0.1440467180514816,0.0
ResCAE-Fixed,"cae_fixed:(2, 1e-06)",2,0.0,1e-06,45,False,0.006565988063812256,0.49525605235219894,0.10676037196533518,0.0
ResCAE-Fixed,"cae_fixed:(2, 1e-06)",2,0.0,1e-06,99,False,0.010632216930389404,0.5264351987542448,0.3759675576380707,0.0
ResCAE-Fixed,"cae_fixed:(2, 1e-06)",2,0.0,1e-06,2048,False,0.011297762393951416,0.5101153006316547,0.18127847061765417,0.0
ResCAE-Fixed,"cae_fixed:(2, 1e-05)",2,0.0,1e-05,10,True,0.011956095695495605,0.5261708242003419,1.4528303373168966e-08,0.0
ResCAE-Fixed,"cae_fixed:(2, 1e-05)",2,0.0,1e-05,30,True,0.0036228299140930176,0.5067084038805273,2.0145362435943925e-08,0.0
ResCAE-Fixed,"cae_fixed:(2, 1e-05)",2,0.0,1e-05,45,True,0.01552349328994751,0.5358189885727475,4.702160729213287e-08,0.0
ResCAE-Fixed,"cae_fixed:(2, 1e-05)",2,0.0,1e-05,99,True,0.008597791194915771,0.5351928366076563,2.631253315135827e-07,0.0
ResCAE-Fixed,"cae_fixed:(2, 1e-05)",2,0.0,1e-05,2048,True,0.009651720523834229,0.5090308859172289,7.525973281725251e-08,0.0
ResCAE-Fixed,"cae_fixed:(2, 5e-05)",2,0.0,5e-05,10,False,0.004435539245605469,0.5288628772235964,2.2130781277760694e-07,0.0
ResCAE-Fixed,"cae_fixed:(2, 5e-05)",2,0.0,5e-05,30,False,0.004630446434020996,0.5137329649929483,4.2167538660379896e-08,0.0
ResCAE-Fixed,"cae_fixed:(2, 5e-05)",2,0.0,5e-05,45,False,0.009979963302612305,0.49295020496899633,4.8167353054332916e-08,0.0
ResCAE-Fixed,"cae_fixed:(2, 5e-05)",2,0.0,5e-05,99,False,0.009195506572723389,0.5058369630591073,1.1933043447982845e-07,0.0
ResCAE-Fixed,"cae_fixed:(2, 5e-05)",2,0.0,5e-05,2048,False,0.004095733165740967,0.4850522273642486,2.595004289501698e-08,0.0
ResCAE-Fixed,"cae_fixed:(2, 0.0001)",2,0.0,0.0001,10,False,0.005261421203613281,0.5312758651203554,1.0803847655270338e-07,0.0
ResCAE-Fixed,"cae_fixed:(2, 0.0001)",2,0.0,0.0001,30,False,0.00561213493347168,0.5132355584359072,1.5042217830684153e-07,0.0
ResCAE-Fixed,"cae_fixed:(2, 0.0001)",2,0.0,0.0001,45,False,0.006303191184997559,0.43154877730897484,1.0429884335691452e-07,0.0
ResCAE-Fixed,"cae_fixed:(2, 0.0001)",2,0.0,0.0001,99,False,0.009865045547485352,0.5139643864343291,3.868752662437706e-08,0.0
ResCAE-Fixed,"cae_fixed:(2, 0.0001)",2,0.0,0.0001,2048,False,0.0043961405754089355,0.5022279047164061,2.6380647830511187e-07,0.0
ResCAE-Fixed,"cae_fixed:(2, 0.0005)",2,0.0,0.0005,10,False,0.008484303951263428,0.5773885792185515,9.8526623973566e-08,0.0
ResCAE-Fixed,"cae_fixed:(2, 0.0005)",2,0.0,0.0005,30,False,0.009363949298858643,0.5559184078936039,1.2333822739210893e-07,0.0
ResCAE-Fixed,"cae_fixed:(2, 0.0005)",2,0.0,0.0005,45,False,0.005839347839355469,0.5350517475008857,1.0024706949868393e-07,0.0
ResCAE-Fixed,"cae_fixed:(2, 0.0005)",2,0.0,0.0005,99,False,0.011507272720336914,0.5728927687216495,1.448092599530998e-07,0.0
ResCAE-Fixed,"cae_fixed:(2, 0.0005)",2,0.0,0.0005,2048,False,0.008234620094299316,0.5423741572514831,8.652052399245195e-08,0.0
ResCAE-Fixed,"cae_fixed:(3, 1e-06)",3,0.0,1e-06,10,False,0.00740128755569458,0.553473840604281,0.3191659891270994,0.0
ResCAE-Fixed,"cae_fixed:(3, 1e-06)",3,0.0,1e-06,30,False,0.00940859317779541,0.6413409184205376,0.10481302057145936,0.0
ResCAE-Fixed,"cae_fixed:(3, 1e-06)",3,0.0,1e-06,45,False,0.009135127067565918,0.6472865157031388,0.07775250275666452,0.0
ResCAE-Fixed,"cae_fixed:(3, 1e-06)",3,0.0,1e-06,99,False,0.003756105899810791,0.5893117194172164,0.11356892388181924,0.0
ResCAE-Fixed,"cae_fixed:(3, 1e-06)",3,0.0,1e-06,2048,False,0.010336458683013916,0.5828246072632286,4.1793680927783114e-08,0.0
ResCAE-Fixed,"cae_fixed:(3, 1e-05)",3,0.0,1e-05,10,True,0.014146029949188232,0.5925701491700782,1.0434354630533295e-07,0.0
ResCAE-Fixed,"cae_fixed:(3, 1e-05)",3,0.0,1e-05,30,True,0.011038661003112793,0.533629846503406,9.3982320035187e-08,0.0
ResCAE-Fixed,"cae_fixed:(3, 1e-05)",3,0.0,1e-05,45,True,0.01364070177078247,0.5817227342821072,1.2310833065726707e-07,0.0
ResCAE-Fixed,"cae_fixed:(3, 1e-05)",3,0.0,1e-05,99,True,0.014706969261169434,0.5828241597492089,1.6973774317098627e-08,0.0
ResCAE-Fixed,"cae_fixed:(3, 1e-05)",3,0.0,1e-05,2048,True,0.008935332298278809,0.5793933902881684,3.019945777269316e-08,0.0
ResCAE-Fixed,"cae_fixed:(3, 5e-05)",3,0.0,5e-05,10,False,0.011496424674987793,0.5811966717018473,3.6058296636764416e-08,0.0
ResCAE-Fixed,"cae_fixed:(3, 5e-05)",3,0.0,5e-05,30,False,0.004548311233520508,0.48633480342495744,7.460247136357352e-09,0.0
ResCAE-Fixed,"cae_fixed:(3, 5e-05)",3,0.0,5e-05,45,False,0.007118523120880127,0.5750529766817492,7.134064412391286e-08,0.0
ResCAE-Fixed,"cae_fixed:(3, 5e-05)",3,0.0,5e-05,99,False,0.009043335914611816,0.5648580629679164,8.604384404554058e-08,0.0
ResCAE-Fixed,"cae_fixed:(3, 5e-05)",3,0.0,5e-05,2048,False,0.008719980716705322,0.5627994932065903,1.6458724829504206e-08,0.0
ResCAE-Fixed,"cae_fixed:(3, 0.0001)",3,0.0,0.0001,10,False,0.012142360210418701,0.5894665529614352,5.312941926559098e-08,0.0
ResCAE-Fixed,"cae_fixed:(3, 0.0001)",3,0.0,0.0001,30,False,0.006446659564971924,0.5029465464599983,8.05583789306624e-08,0.0
ResCAE-Fixed,"cae_fixed:(3, 0.0001)",3,0.0,0.0001,45,False,0.007745325565338135,0.6008172858851675,7.66519423139034e-08,0.0
ResCAE-Fixed,"cae_fixed:(3, 0.0001)",3,0.0,0.0001,99,False,0.009556889533996582,0.5905468151572724,1.2017722738014749e-08,0.0
ResCAE-Fixed,"cae_fixed:(3, 0.0001)",3,0.0,0.0001,2048,False,0.007176697254180908,0.48040971867921684,3.993004227630925e-08,0.0
ResCAE-Fixed,"cae_fixed:(3, 0.0005)",3,0.0,0.0005,10,False,0.007137894630432129,0.3845880778495228,2.830690160482626e-08,0.0
ResCAE-Fixed,"cae_fixed:(3, 0.0005)",3,0.0,0.0005,30,False,0.008231520652770996,0.4152480886790226,2.383836514664738e-08,0.0
ResCAE-Fixed,"cae_fixed:(3, 0.0005)",3,0.0,0.0005,45,False,0.00657886266708374,0.36323087779312124,1.6080801757029615e-08,0.0
ResCAE-Fixed,"cae_fixed:(3, 0.0005)",3,0.0,0.0005,99,False,0.011376619338989258,0.5275465774576887,3.984407532943076e-09,0.0
ResCAE-Fixed,"cae_fixed:(3, 0.0005)",3,0.0,0.0005,2048,False,0.0029923319816589355,0.30820520523956013,6.284082435924578e-09,0.0
ResCAE-Fixed,"cae_fixed:(5, 1e-06)",5,0.0,1e-06,10,True,0.01036292314529419,0.5769355131212824,0.2036531739912337,0.0
ResCAE-Fixed,"cae_fixed:(5, 1e-06)",5,0.0,1e-06,30,True,0.008954405784606934,0.5766397113406656,0.22734191237310394,0.0
ResCAE-Fixed,"cae_fixed:(5, 1e-06)",5,0.0,1e-06,45,True,0.010762691497802734,0.8099350913498538,0.05442210198495289,0.0
ResCAE-Fixed,"cae_fixed:(5, 1e-06)",5,0.0,1e-06,99,True,0.007079064846038818,0.7322567794287371,0.046070802762632417,0.0
ResCAE-Fixed,"cae_fixed:(5, 1e-06)",5,0.0,1e-06,2048,True,0.010306179523468018,0.7732813998699352,0.09112568270564544,0.0
ResCAE-Fixed,"cae_fixed:(5, 1e-05)",5,0.0,1e-05,10,False,0.00031381845474243164,0.6747230168216458,4.9407170584156525e-08,0.0
ResCAE-Fixed,"cae_fixed:(5, 1e-05)",5,0.0,1e-05,30,False,0.013082385063171387,0.6898538271346394,1.013834492735355e-07,0.0
ResCAE-Fixed,"cae_fixed:(5, 1e-05)",5,0.0,1e-05,45,False,0.009091794490814209,0.6840116943769632,4.887168983258966e-08,0.0
ResCAE-Fixed,"cae_fixed:(5, 1e-05)",5,0.0,1e-05,99,False,0.006677567958831787,0.7485393624810016,5.5262992179184547e-08,0.0
ResCAE-Fixed,"cae_fixed:(5, 1e-05)",5,0.0,1e-05,2048,False,0.008111000061035156,0.6830301930317895,0.01812575011203947,0.0
ResCAE-Fixed,"cae_fixed:(5, 5e-05)",5,0.0,5e-05,10,False,0.003931939601898193,0.5997617972213872,7.790634273704186e-08,0.0
ResCAE-Fixed,"cae_fixed:(5, 5e-05)",5,0.0,5e-05,30,False,-0.00040209293365478516,0.6849337087882313,3.9361965269688756e-08,0.0
ResCAE-Fixed,"cae_fixed:(5, 5e-05)",5,0.0,5e-05,45,False,0.0052904486656188965,0.6732826806188829,8.947110034898787e-08,0.0
ResCAE-Fixed,"cae_fixed:(5, 5e-05)",5,0.0,5e-05,99,False,0.006508827209472656,0.7675084714947016,3.3136710866299044e-08,0.0
ResCAE-Fixed,"cae_fixed:(5, 5e-05)",5,0.0,5e-05,2048,False,0.011892855167388916,0.6863847455392685,5.41331413460421e-08,0.0
ResCAE-Fixed,"cae_fixed:(5, 0.0001)",5,0.0,0.0001,10,False,0.0029578804969787598,0.5290728186758223,2.910756010473326e-08,0.0
ResCAE-Fixed,"cae_fixed:(5, 0.0001)",5,0.0,0.0001,30,False,0.008650124073028564,0.6501192414128097,7.427289171590795e-08,0.0
ResCAE-Fixed,"cae_fixed:(5, 0.0001)",5,0.0,0.0001,45,False,0.005986034870147705,0.6390577012774501,2.460901232156832e-08,0.0
ResCAE-Fixed,"cae_fixed:(5, 0.0001)",5,0.0,0.0001,99,False,0.007440924644470215,0.7373138909483723,2.9101325594468784e-08,0.0
ResCAE-Fixed,"cae_fixed:(5, 0.0001)",5,0.0,0.0001,2048,False,0.008227109909057617,0.6906052368827895,4.649567460950237e-08,0.0
ResCAE-Fixed,"cae_fixed:(5, 0.0005)",5,0.0,0.0005,10,False,0.005338907241821289,0.4508072350287621,2.660121118798807e-08,0.0
ResCAE-Fixed,"cae_fixed:(5, 0.0005)",5,0.0,0.0005,30,False,0.005447268486022949,0.42395770050960263,2.7051000286727513e-08,0.0
ResCAE-Fixed,"cae_fixed:(5, 0.0005)",5,0.0,0.0005,45,False,0.0034210681915283203,0.3720883495520421,2.9544875128422878e-08,0.0
ResCAE-Fixed,"cae_fixed:(5, 0.0005)",5,0.0,0.0005,99,False,0.010976552963256836,0.5867989506510276,3.0815641610702e-08,0.0
ResCAE-Fixed,"cae_fixed:(5, 0.0005)",5,0.0,0.0005,2048,False,0.01130068302154541,0.47085747203117834,3.380694005699941e-09,0.0
ResCAE-Fixed,"cae_fixed:(8, 1e-06)",8,0.0,1e-06,10,True,4.696846008300781e-05,0.6340079130064176,0.09917514928079739,0.0
ResCAE-Fixed,"cae_fixed:(8, 1e-06)",8,0.0,1e-06,30,True,0.007951200008392334,0.7952718969663103,0.1292877088233035,0.0
ResCAE-Fixed,"cae_fixed:(8, 1e-06)",8,0.0,1e-06,45,True,0.012617051601409912,0.7922631331573506,0.09276912629019163,0.0
ResCAE-Fixed,"cae_fixed:(8, 1e-06)",8,0.0,1e-06,99,True,0.0069116950035095215,0.7510986366442705,0.12733226598326872,0.0
ResCAE-Fixed,"cae_fixed:(8, 1e-06)",8,0.0,1e-06,2048,True,0.008595108985900879,0.7175280464002106,0.12854601952830214,0.0
ResCAE-Fixed,"cae_fixed:(8, 1e-05)",8,0.0,1e-05,10,False,0.004731297492980957,0.6480878337896141,0.05589247615457596,0.0
ResCAE-Fixed,"cae_fixed:(8, 1e-05)",8,0.0,1e-05,30,False,0.004156589508056641,0.7486320907972273,0.060410806693924145,0.0
ResCAE-Fixed,"cae_fixed:(8, 1e-05)",8,0.0,1e-05,45,False,0.004177749156951904,0.7898814514250241,1.0846547636898482e-07,0.0
ResCAE-Fixed,"cae_fixed:(8, 1e-05)",8,0.0,1e-05,99,False,0.011502087116241455,0.7854640843889424,0.032116534105291694,0.0
ResCAE-Fixed,"cae_fixed:(8, 1e-05)",8,0.0,1e-05,2048,False,0.003986179828643799,0.669207076009216,1.3094507281122443e-07,0.0
ResCAE-Fixed,"cae_fixed:(8, 5e-05)",8,0.0,5e-05,10,False,0.006180405616760254,0.5405356152074101,3.241049321873784e-08,0.0
ResCAE-Fixed,"cae_fixed:(8, 5e-05)",8,0.0,5e-05,30,False,0.010294079780578613,0.6440675665704655,2.6875591452112492e-08,0.0
ResCAE-Fixed,"cae_fixed:(8, 5e-05)",8,0.0,5e-05,45,False,0.006000936031341553,0.7129189024007182,2.31575137430826e-08,0.0
ResCAE-Fixed,"cae_fixed:(8, 5e-05)",8,0.0,5e-05,99,False,0.005668222904205322,0.5127885698301476,4.752709074140413e-08,0.0
ResCAE-Fixed,"cae_fixed:(8, 5e-05)",8,0.0,5e-05,2048,False,0.012935280799865723,0.7535238854643033,1.0479755699735067e-08,0.0
ResCAE-Fixed,"cae_fixed:(8, 0.0001)",8,0.0,0.0001,10,False,0.00562673807144165,0.39756310263433114,3.656993142059737e-08,0.0
ResCAE-Fixed,"cae_fixed:(8, 0.0001)",8,0.0,0.0001,30,False,0.006113946437835693,0.6969783627856211,1.2893535876969299e-08,0.0
ResCAE-Fixed,"cae_fixed:(8, 0.0001)",8,0.0,0.0001,45,False,0.006057679653167725,0.7170548148279183,3.837467243709487e-08,0.0
ResCAE-Fixed,"cae_fixed:(8, 0.0001)",8,0.0,0.0001,99,False,0.005472779273986816,0.5568134875497203,1.7140129370058846e-08,0.0
ResCAE-Fixed,"cae_fixed:(8, 0.0001)",8,0.0,0.0001,2048,False,0.01126086711883545,0.506208228475403,3.002491261551257e-08,0.0
ResCAE-Fixed,"cae_fixed:(8, 0.0005)",8,0.0,0.0005,10,False,0.010342061519622803,0.24860260862927,4.642364551961996e-08,0.0
ResCAE-Fixed,"cae_fixed:(8, 0.0005)",8,0.0,0.0005,30,False,0.00917583703994751,0.3366216312945705,4.7622874015820374e-08,0.0
ResCAE-Fixed,"cae_fixed:(8, 0.0005)",8,0.0,0.0005,45,False,0.009537816047668457,0.25331870357914704,4.901761262175458e-08,0.0
ResCAE-Fixed,"cae_fixed:(8, 0.0005)",8,0.0,0.0005,99,False,0.012895047664642334,0.5441921385629663,2.3740226723253183e-08,0.0
ResCAE-Fixed,"cae_fixed:(8, 0.0005)",8,0.0,0.0005,2048,False,0.012746274471282959,0.4265233023325872,6.495234902581575e-09,0.0
ResCAE-Fixed,"cae_fixed:(10, 1e-06)",10,0.0,1e-06,10,False,-4.6133995056152344e-05,0.7295610072160162,0.07533325108809165,0.0
ResCAE-Fixed,"cae_fixed:(10, 1e-06)",10,0.0,1e-06,30,False,-2.0623207092285156e-05,0.7251266969973498,0.05827796224498934,0.0
ResCAE-Fixed,"cae_fixed:(10, 1e-06)",10,0.0,1e-06,45,False,0.005525648593902588,0.6688248374603986,0.12607479133729677,0.0
ResCAE-Fixed,"cae_fixed:(10, 1e-06)",10,0.0,1e-06,99,False,4.6133995056152344e-05,0.7923561458140901,0.04910797367811922,0.0
ResCAE-Fixed,"cae_fixed:(10, 1e-06)",10,0.0,1e-06,2048,False,0.0029109716415405273,0.7314464624781621,0.07035732651234436,0.0
ResCAE-Fixed,"cae_fixed:(10, 1e-05)",10,0.0,1e-05,10,True,0.0028868913650512695,0.704387934308521,0.043144276863863934,0.0
ResCAE-Fixed,"cae_fixed:(10, 1e-05)",10,0.0,1e-05,30,True,0.011368811130523682,0.83213292059813,0.04233437785448822,0.0
ResCAE-Fixed,"cae_fixed:(10, 1e-05)",10,0.0,1e-05,45,True,0.012169241905212402,0.8164120157425222,0.06157835639525856,0.0
ResCAE-Fixed,"cae_fixed:(10, 1e-05)",10,0.0,1e-05,99,True,0.009063899517059326,0.943146945601251,0.02767158769215036,0.0
ResCAE-Fixed,"cae_fixed:(10, 1e-05)",10,0.0,1e-05,2048,True,0.007712244987487793,0.5956109647030052,0.02900162618324936,0.0
ResCAE-Fixed,"cae_fixed:(10, 5e-05)",10,0.0,5e-05,10,False,0.0095289945602417,0.6458472112771731,6.947167610119933e-08,0.0
ResCAE-Fixed,"cae_fixed:(10, 5e-05)",10,0.0,5e-05,30,False,0.009165823459625244,0.7205062887732646,3.2021146004990334e-08,0.0
ResCAE-Fixed,"cae_fixed:(10, 5e-05)",10,0.0,5e-05,45,False,0.008541464805603027,0.5697580948525641,9.137693339366766e-09,0.0
ResCAE-Fixed,"cae_fixed:(10, 5e-05)",10,0.0,5e-05,99,False,0.010262727737426758,0.734903010926558,6.846412390770873e-09,0.0
ResCAE-Fixed,"cae_fixed:(10, 5e-05)",10,0.0,5e-05,2048,False,0.007110714912414551,0.4984837741507156,2.490932331522741e-08,0.0
ResCAE-Fixed,"cae_fixed:(10, 0.0001)",10,0.0,0.0001,10,False,0.010903358459472656,0.5541877573345992,3.295964476836183e-08,0.0
ResCAE-Fixed,"cae_fixed:(10, 0.0001)",10,0.0,0.0001,30,False,0.009731054306030273,0.7643780185697319,1.2073999339600207e-08,0.0
ResCAE-Fixed,"cae_fixed:(10, 0.0001)",10,0.0,0.0001,45,False,0.009729564189910889,0.561561167258544,4.8597507568304755e-09,0.0
ResCAE-Fixed,"cae_fixed:(10, 0.0001)",10,0.0,0.0001,99,False,0.012071311473846436,0.7599945404548573,6.7288000928e-09,0.0
ResCAE-Fixed,"cae_fixed:(10, 0.0001)",10,0.0,0.0001,2048,False,0.011998891830444336,0.6457094735718452,1.683595486948125e-08,0.0
ResCAE-Fixed,"cae_fixed:(10, 0.0005)",10,0.0,0.0005,10,False,0.011290252208709717,0.5075873906883358,3.156338562414609e-08,0.0
ResCAE-Fixed,"cae_fixed:(10, 0.0005)",10,0.0,0.0005,30,False,0.012093186378479004,0.6438171119273496,3.1399315190168132e-09,0.0
ResCAE-Fixed,"cae_fixed:(10, 0.0005)",10,0.0,0.0005,45,False,0.012604594230651855,0.8049905755430503,9.834463263537059e-09,0.0
ResCAE-Fixed,"cae_fixed:(10, 0.0005)",10,0.0,0.0005,99,False,0.01395505666732788,0.7871455842865714,1.1673029203228035e-08,0.0
ResCAE-Fixed,"cae_fixed:(10, 0.0005)",10,0.0,0.0005,2048,False,0.012571215629577637,0.787183069866038,2.176153743695417e-09,0.0
CAE-NL,"cae_nl:(2, 1e-06)",2,0.0,1e-06,10,False,0.015876471996307373,0.5064321224602741,1.0,
CAE-NL,"cae_nl:(2, 1e-06)",2,0.0,1e-06,30,False,0.014894664287567139,0.5108037713580889,1.0,
CAE-NL,"cae_nl:(2, 1e-06)",2,0.0,1e-06,45,False,0.007548987865447998,0.5503868784894557,1.0,
CAE-NL,"cae_nl:(2, 1e-06)",2,0.0,1e-06,99,False,0.015289664268493652,0.5416600861552519,1.0,
CAE-NL,"cae_nl:(2, 1e-06)",2,0.0,1e-06,2048,False,0.016485989093780518,0.5597420193648996,1.0,
CAE-NL,"cae_nl:(2, 1e-05)",2,0.0,1e-05,10,True,0.014096677303314209,,,
CAE-NL,"cae_nl:(2, 1e-05)",2,0.0,1e-05,30,True,0.01462411880493164,,,
CAE-NL,"cae_nl:(2, 1e-05)",2,0.0,1e-05,45,True,0.015125513076782227,,,
CAE-NL,"cae_nl:(2, 1e-05)",2,0.0,1e-05,99,True,0.014795780181884766,,,
CAE-NL,"cae_nl:(2, 1e-05)",2,0.0,1e-05,2048,True,0.015645980834960938,,,
CAE-NL,"cae_nl:(2, 5e-05)",2,0.0,5e-05,10,False,0.015179038047790527,,,
CAE-NL,"cae_nl:(2, 5e-05)",2,0.0,5e-05,30,False,0.015295982360839844,,,
CAE-NL,"cae_nl:(2, 5e-05)",2,0.0,5e-05,45,False,0.015484809875488281,,,
CAE-NL,"cae_nl:(2, 5e-05)",2,0.0,5e-05,99,False,0.014935672283172607,,,
CAE-NL,"cae_nl:(2, 5e-05)",2,0.0,5e-05,2048,False,0.015337049961090088,,,
CAE-NL,"cae_nl:(2, 0.0001)",2,0.0,0.0001,10,False,0.015068352222442627,,,
CAE-NL,"cae_nl:(2, 0.0001)",2,0.0,0.0001,30,False,0.015381097793579102,,,
CAE-NL,"cae_nl:(2, 0.0001)",2,0.0,0.0001,45,False,0.015493214130401611,,,
CAE-NL,"cae_nl:(2, 0.0001)",2,0.0,0.0001,99,False,0.014501333236694336,,,
CAE-NL,"cae_nl:(2, 0.0001)",2,0.0,0.0001,2048,False,0.015274345874786377,,,
CAE-NL,"cae_nl:(2, 0.0005)",2,0.0,0.0005,10,False,0.013467252254486084,,,
CAE-NL,"cae_nl:(2, 0.0005)",2,0.0,0.0005,30,False,0.015807747840881348,,,
CAE-NL,"cae_nl:(2, 0.0005)",2,0.0,0.0005,45,False,0.015615463256835938,,,
CAE-NL,"cae_nl:(2, 0.0005)",2,0.0,0.0005,99,False,0.01521211862564087,,,
CAE-NL,"cae_nl:(2, 0.0005)",2,0.0,0.0005,2048,False,0.015267372131347656,,,
CAE-NL,"cae_nl:(3, 1e-06)",3,0.0,1e-06,10,False,0.013739526271820068,0.5229639172179115,1.0,
CAE-NL,"cae_nl:(3, 1e-06)",3,0.0,1e-06,30,False,0.013978660106658936,0.46311674552563503,1.0,
CAE-NL,"cae_nl:(3, 1e-06)",3,0.0,1e-06,45,False,0.0074173808097839355,0.4986218744623085,1.0,
CAE-NL,"cae_nl:(3, 1e-06)",3,0.0,1e-06,99,False,0.015570104122161865,0.5453897354923269,1.0,
CAE-NL,"cae_nl:(3, 1e-06)",3,0.0,1e-06,2048,False,0.011775970458984375,0.535702422106985,1.0,
CAE-NL,"cae_nl:(3, 1e-05)",3,0.0,1e-05,10,False,0.014514029026031494,,,
CAE-NL,"cae_nl:(3, 1e-05)",3,0.0,1e-05,30,False,0.013774991035461426,,,
CAE-NL,"cae_nl:(3, 1e-05)",3,0.0,1e-05,45,False,0.01509469747543335,,,
CAE-NL,"cae_nl:(3, 1e-05)",3,0.0,1e-05,99,False,0.015131890773773193,,,
CAE-NL,"cae_nl:(3, 1e-05)",3,0.0,1e-05,2048,False,0.01582878828048706,,,
CAE-NL,"cae_nl:(3, 5e-05)",3,0.0,5e-05,10,False,0.01371908187866211,,,
CAE-NL,"cae_nl:(3, 5e-05)",3,0.0,5e-05,30,False,0.013667523860931396,,,
CAE-NL,"cae_nl:(3, 5e-05)",3,0.0,5e-05,45,False,0.015082836151123047,,,
CAE-NL,"cae_nl:(3, 5e-05)",3,0.0,5e-05,99,False,0.015192031860351562,,,
CAE-NL,"cae_nl:(3, 5e-05)",3,0.0,5e-05,2048,False,0.015888571739196777,,,
CAE-NL,"cae_nl:(3, 0.0001)",3,0.0,0.0001,10,False,0.01368027925491333,,,
CAE-NL,"cae_nl:(3, 0.0001)",3,0.0,0.0001,30,False,0.013651490211486816,,,
CAE-NL,"cae_nl:(3, 0.0001)",3,0.0,0.0001,45,False,0.015055477619171143,,,
CAE-NL,"cae_nl:(3, 0.0001)",3,0.0,0.0001,99,False,0.014475643634796143,,,
CAE-NL,"cae_nl:(3, 0.0001)",3,0.0,0.0001,2048,False,0.01583319902420044,,,
CAE-NL,"cae_nl:(3, 0.0005)",3,0.0,0.0005,10,True,0.013414621353149414,,,
CAE-NL,"cae_nl:(3, 0.0005)",3,0.0,0.0005,30,True,0.013631761074066162,,,
CAE-NL,"cae_nl:(3, 0.0005)",3,0.0,0.0005,45,True,0.01539146900177002,,,
CAE-NL,"cae_nl:(3, 0.0005)",3,0.0,0.0005,99,True,0.01512289047241211,,,
CAE-NL,"cae_nl:(3, 0.0005)",3,0.0,0.0005,2048,True,0.01508331298828125,,,
CAE-NL,"cae_nl:(5, 1e-06)",5,0.0,1e-06,10,False,0.013263523578643799,0.4895793745191723,1.0,
CAE-NL,"cae_nl:(5, 1e-06)",5,0.0,1e-06,30,False,0.015495896339416504,0.5008731096103004,1.0,
CAE-NL,"cae_nl:(5, 1e-06)",5,0.0,1e-06,45,False,0.011826395988464355,0.47812460805476553,1.0,
CAE-NL,"cae_nl:(5, 1e-06)",5,0.0,1e-06,99,False,0.012558400630950928,0.4480672453145068,1.0,
CAE-NL,"cae_nl:(5, 1e-06)",5,0.0,1e-06,2048,False,0.011824846267700195,0.5399468629162251,1.0,
CAE-NL,"cae_nl:(5, 1e-05)",5,0.0,1e-05,10,False,0.015064358711242676,,,
CAE-NL,"cae_nl:(5, 1e-05)",5,0.0,1e-05,30,False,0.01497185230255127,,,
CAE-NL,"cae_nl:(5, 1e-05)",5,0.0,1e-05,45,False,0.014561235904693604,,,
CAE-NL,"cae_nl:(5, 1e-05)",5,0.0,1e-05,99,False,0.015873491764068604,,,
CAE-NL,"cae_nl:(5, 1e-05)",5,0.0,1e-05,2048,False,0.014632105827331543,,,
CAE-NL,"cae_nl:(5, 5e-05)",5,0.0,5e-05,10,False,0.014916062355041504,,,
CAE-NL,"cae_nl:(5, 5e-05)",5,0.0,5e-05,30,False,0.014694631099700928,,,
CAE-NL,"cae_nl:(5, 5e-05)",5,0.0,5e-05,45,False,0.01479250192642212,,,
CAE-NL,"cae_nl:(5, 5e-05)",5,0.0,5e-05,99,False,0.015927016735076904,,,
CAE-NL,"cae_nl:(5, 5e-05)",5,0.0,5e-05,2048,False,0.014653563499450684,,,
CAE-NL,"cae_nl:(5, 0.0001)",5,0.0,0.0001,10,False,0.01473689079284668,,,
CAE-NL,"cae_nl:(5, 0.0001)",5,0.0,0.0001,30,False,0.014489531517028809,,,
CAE-NL,"cae_nl:(5, 0.0001)",5,0.0,0.0001,45,False,0.015031576156616211,,,
CAE-NL,"cae_nl:(5, 0.0001)",5,0.0,0.0001,99,False,0.01593869924545288,,,
CAE-NL,"cae_nl:(5, 0.0001)",5,0.0,0.0001,2048,False,0.014858543872833252,,,
CAE-NL,"cae_nl:(5, 0.0005)",5,0.0,0.0005,10,True,0.014113128185272217,,,
CAE-NL,"cae_nl:(5, 0.0005)",5,0.0,0.0005,30,True,0.014503240585327148,,,
CAE-NL,"cae_nl:(5, 0.0005)",5,0.0,0.0005,45,True,0.015050649642944336,,,
CAE-NL,"cae_nl:(5, 0.0005)",5,0.0,0.0005,99,True,0.015149056911468506,,,
CAE-NL,"cae_nl:(5, 0.0005)",5,0.0,0.0005,2048,True,0.015009522438049316,,,
CAE-NL,"cae_nl:(8, 1e-06)",8,0.0,1e-06,10,False,0.013421714305877686,0.5537940272265945,1.0,
CAE-NL,"cae_nl:(8, 1e-06)",8,0.0,1e-06,30,False,0.012182831764221191,0.7679387203673761,1.0,
CAE-NL,"cae_nl:(8, 1e-06)",8,0.0,1e-06,45,False,0.01463228464126587,0.48024901828775357,1.0,
CAE-NL,"cae_nl:(8, 1e-06)",8,0.0,1e-06,99,False,0.007074236869812012,0.5377031544473465,1.0,
CAE-NL,"cae_nl:(8, 1e-06)",8,0.0,1e-06,2048,False,0.01014089584350586,0.4984968536450894,1.0,
CAE-NL,"cae_nl:(8, 1e-05)",8,0.0,1e-05,10,True,0.015134692192077637,,,
CAE-NL,"cae_nl:(8, 1e-05)",8,0.0,1e-05,30,True,0.015422224998474121,,,
CAE-NL,"cae_nl:(8, 1e-05)",8,0.0,1e-05,45,True,0.01351940631866455,,,
CAE-NL,"cae_nl:(8, 1e-05)",8,0.0,1e-05,99,True,0.012513935565948486,,,
CAE-NL,"cae_nl:(8, 1e-05)",8,0.0,1e-05,2048,True,0.014276683330535889,,,
CAE-NL,"cae_nl:(8, 5e-05)",8,0.0,5e-05,10,False,0.015619277954101562,,,
CAE-NL,"cae_nl:(8, 5e-05)",8,0.0,5e-05,30,False,0.01581573486328125,,,
CAE-NL,"cae_nl:(8, 5e-05)",8,0.0,5e-05,45,False,0.013488054275512695,,,
CAE-NL,"cae_nl:(8, 5e-05)",8,0.0,5e-05,99,False,0.014740407466888428,,,
CAE-NL,"cae_nl:(8, 5e-05)",8,0.0,5e-05,2048,False,0.014767110347747803,,,
CAE-NL,"cae_nl:(8, 0.0001)",8,0.0,0.0001,10,False,0.015278875827789307,,,
CAE-NL,"cae_nl:(8, 0.0001)",8,0.0,0.0001,30,False,0.015422463417053223,,,
CAE-NL,"cae_nl:(8, 0.0001)",8,0.0,0.0001,45,False,0.013364851474761963,,,
CAE-NL,"cae_nl:(8, 0.0001)",8,0.0,0.0001,99,False,0.01560509204864502,,,
CAE-NL,"cae_nl:(8, 0.0001)",8,0.0,0.0001,2048,False,0.015064358711242676,,,
CAE-NL,"cae_nl:(8, 0.0005)",8,0.0,0.0005,10,False,0.014656901359558105,,,
CAE-NL,"cae_nl:(8, 0.0005)",8,0.0,0.0005,30,False,0.014356911182403564,,,
CAE-NL,"cae_nl:(8, 0.0005)",8,0.0,0.0005,45,False,0.015058040618896484,,,
CAE-NL,"cae_nl:(8, 0.0005)",8,0.0,0.0005,99,False,0.014579951763153076,,,
CAE-NL,"cae_nl:(8, 0.0005)",8,0.0,0.0005,2048,False,0.014576375484466553,,,
CAE-NL,"cae_nl:(10, 1e-06)",10,0.0,1e-06,10,False,0.012495279312133789,0.8393272091641458,1.0,
CAE-NL,"cae_nl:(10, 1e-06)",10,0.0,1e-06,30,False,0.012691915035247803,0.5922005934731102,1.0,
CAE-NL,"cae_nl:(10, 1e-06)",10,0.0,1e-06,45,False,0.012003481388092041,0.5143448662517229,1.0,
CAE-NL,"cae_nl:(10, 1e-06)",10,0.0,1e-06,99,False,0.006757020950317383,0.8243736431452122,1.0,
CAE-NL,"cae_nl:(10, 1e-06)",10,0.0,1e-06,2048,False,0.013485252857208252,0.5353803956854817,1.0,
CAE-NL,"cae_nl:(10, 1e-05)",10,0.0,1e-05,10,False,0.009668409824371338,,,
CAE-NL,"cae_nl:(10, 1e-05)",10,0.0,1e-05,30,False,0.012524664402008057,,,
CAE-NL,"cae_nl:(10, 1e-05)",10,0.0,1e-05,45,False,0.012918829917907715,,,
CAE-NL,"cae_nl:(10, 1e-05)",10,0.0,1e-05,99,False,0.012849271297454834,,,
CAE-NL,"cae_nl:(10, 1e-05)",10,0.0,1e-05,2048,False,0.015197932720184326,,,
CAE-NL,"cae_nl:(10, 5e-05)",10,0.0,5e-05,10,True,0.011632382869720459,,,
CAE-NL,"cae_nl:(10, 5e-05)",10,0.0,5e-05,30,True,0.013745665550231934,,,
CAE-NL,"cae_nl:(10, 5e-05)",10,0.0,5e-05,45,True,0.013037145137786865,,,
CAE-NL,"cae_nl:(10, 5e-05)",10,0.0,5e-05,99,True,0.013097286224365234,,,
CAE-NL,"cae_nl:(10, 5e-05)",10,0.0,5e-05,2048,True,0.015122473239898682,,,
CAE-NL,"cae_nl:(10, 0.0001)",10,0.0,0.0001,10,False,0.013398349285125732,,,
CAE-NL,"cae_nl:(10, 0.0001)",10,0.0,0.0001,30,False,0.014824926853179932,,,
CAE-NL,"cae_nl:(10, 0.0001)",10,0.0,0.0001,45,False,0.012999951839447021,,,
CAE-NL,"cae_nl:(10, 0.0001)",10,0.0,0.0001,99,False,0.01332157850265503,,,
CAE-NL,"cae_nl:(10, 0.0001)",10,0.0,0.0001,2048,False,0.014617919921875,,,
CAE-NL,"cae_nl:(10, 0.0005)",10,0.0,0.0005,10,False,0.015617966651916504,,,
CAE-NL,"cae_nl:(10, 0.0005)",10,0.0,0.0005,30,False,0.01500999927520752,,,
CAE-NL,"cae_nl:(10, 0.0005)",10,0.0,0.0005,45,False,0.012720763683319092,,,
CAE-NL,"cae_nl:(10, 0.0005)",10,0.0,0.0005,99,False,0.014188170433044434,,,
CAE-NL,"cae_nl:(10, 0.0005)",10,0.0,0.0005,2048,False,0.014504790306091309,,,
